<?xml version="1.0"?>
<!DOCTYPE application PUBLIC "-//Sun Microsystems, Inc.//DTD J2EE Application 1.3//EN" "http://java.sun.com/dtd/application_1_3.dtd">

<application>
	<display-name>dynamusic-j2ee</display-name>
	<description>dynamusic-j2ee ear file</description>



	<module>
		<web>
			<web-uri>dynamusic-web.war</web-uri>
			<context-root>/dynamusic</context-root>
		</web>
	</module>
</application>
<!-- @version $Id: //edu/ILT-Courses/main/Extending/StudentFiles/Extending/setup/DynamusicEAP/j2ee-apps/dynamusic-j2ee/META-INF/application.xml#1 $$Change: 509061 $ -->
