<?xml version="1.0" encoding="UTF-8"?>
<datasources>

    <xa-datasource>
          <jndi-name>edufound_ds</jndi-name>
          <track-connection-by-tx>false</track-connection-by-tx>
          <isSameRM-override-value>false</isSameRM-override-value>
          <min-pool-size>5</min-pool-size>
          <max-pool-size>100</max-pool-size>
          <blocking-timeout-millis>5000</blocking-timeout-millis>
          <idle-timeout-minutes>15</idle-timeout-minutes>
          <transaction-isolation>TRANSACTION_READ_COMMITTED</transaction-isolation>
          <xa-datasource-class>com.mysql.jdbc.jdbc2.optional.MysqlXADataSource</xa-datasource-class>
          <xa-datasource-property name="URL">jdbc:mysql://localhost:3306/foundations</xa-datasource-property>
          <xa-datasource-property name="User">root</xa-datasource-property>
          <xa-datasource-property name="Password">root</xa-datasource-property>
    </xa-datasource>

</datasources>
