<?xml version="1.0" encoding="ISO-8859-1" ?>
<!DOCTYPE gsa-template PUBLIC "-//Art Technology Group, Inc.//DTD General SQL Adapter//EN" "http://www.atg.com/dtds/gsa/gsa_1.0.dtd">
<!--This file was generated by the ATG Repository Editor plugin-->
<gsa-template>
    <header>
        <name>EmpRepository</name>
        <author/>
    </header>
    <item-descriptor name="emp" default="true">
        <table name="atgemp" type="primary" id-column-names="empno">
        <property name='empno' column-name='empno' data-type='int'/>
        <property name='ename' column-name='ename' data-type='string'/>
        <property name='job'/>
        <property name='sal' column-name='salary' data-type='float'/>
        <property name='deptno' column-name='deptno' data-type='int'/>
        </table>
        <!-- 
        <table name='emp_others'  type='auxiliary' id-column-name='empno'>
        <property name='emailid' column-name='emailid' data-type='string'/>
        <property name='appraisalRating' column-name='app_rating' 
        data-type='enumerated' default='GOOD'>
       <attribute name='useCodeForValue' value='false'/>
        <option code='100' value='EXCELLENT'/>
        <option code='90' value='VERYGOOD'/>
        <option code='80' value='GOOD'/>
        <option code='60' value='AVERAGE'/>
        <option code='50' value='POOR'/>        
        </property>
        </table>      
         --> 
    </item-descriptor>
    <!-- 
    <add-item item-descriptor='emp' id='7369'>
    <set-property name='ename'>SMITH</set-property>
    <set-property name='job'>CLERK</set-property>
    <set-property name='sal'>800.50</set-property>
    <set-property name='deptno'>20</set-property>
     <set-property name='emailid'>smith@abc.com</set-property>
      <set-property name='appraisalRating'>VERYGOOD</set-property>
    </add-item>
    
     <add-item item-descriptor='emp' id='7788'>
    <set-property name='ename'>SCOTT</set-property>
    <set-property name='job'>ANALYST</set-property>
    <set-property name='sal'>1800.50</set-property>
    <set-property name='deptno'>10</set-property>
     <set-property name='emailid'>scott@abc.com</set-property>
      
    </add-item>
    
     -->
    
    
</gsa-template>
<!--ECLIPSE REPOSITORY EDITOR STATE INFO: Do Not Edit This Line |I:emp:192:119:0:1,-->