<?xml version="1.0" encoding="ISO-8859-1" ?>
<!DOCTYPE gsa-template PUBLIC "-//Art Technology Group, Inc.//DTD General SQL Adapter//EN" "http://www.atg.com/dtds/gsa/gsa_1.0.dtd">
<!--This file was generated by the ATG Repository Editor plugin-->
<gsa-template>
    <header>
        <name>EmpRepository</name>
        <author/>
    </header>
    <item-descriptor name="emp" default="true" xml-combine='append'>      
  
        <table name='emp_others'  type='auxiliary' id-column-name='empno'>
        <property name='emailid' column-name='emailid' data-type='string'/>
        <property name='appraisalRating' column-name='app_rating' 
        data-type='enumerated' default='GOOD'>
       <attribute name='useCodeForValue' value='false'/>
        <option code='100' value='EXCELLENT'/>
        <option code='90' value='VERYGOOD'/>
        <option code='80' value='GOOD'/>
        <option code='60' value='AVERAGE'/>
        <option code='50' value='POOR'/>        
        </property>
        </table>      
         
    </item-descriptor>
    
    
</gsa-template>
<!--ECLIPSE REPOSITORY EDITOR STATE INFO: Do Not Edit This Line |I:emp:192:119:0:1,-->