
<gsa-template>
 
 <item-descriptor name="user" >

    <table name="dynamusic_user">
        <property name="subscriber" data-type="boolean" 
              column-name="subscriber" category="dynamusic" />
    </table>

    <table name="dynamusic_viewedsongs" type="multi"
           id-column-name="user_id">
        <property name="viewedSongs"                           
           category="dynamusic" data-type="set"
           component-item-type="song"
           column-name="song_id"
           repository="/dynamusic/SongsRepository"/>
    </table>

 </item-descriptor>

</gsa-template>