<project name="copy atg assets" default="copyFiles" basedir=".">
<!--
Please change the sourceDir and the targetDir according to your paths
-->

	<property name="sourceDir" value="C:\AE102\ATG10.2\Dynamusic"/>
	<property name="targetDir" value="C:\AE102\jboss-5.1.0.GA\server\atg_foundations\deploy\foundations.ear"/>
		
		<target name='copyFiles'>
		<echo message="Start Copying ----" />
			<copy todir="${targetDir}\\dynamusic-web.war">
			<fileset dir="${sourceDir}\\j2ee-apps\\dynamusic-j2ee\dynamusic-web.war"/>
			</copy>
<!--
			<copy todir="${targetDir}\\atglib\\_Dynamusic_sclasses">
			<fileset dir="${sourceDir}\\classes"/>
			</copy>
	-->		
	<echo message="Finish copying -----"/>
			
	</target>
			
			
</project>