<?xml version="1.0" encoding="UTF-8" standalone="no"?>
<!DOCTYPE gsa-template PUBLIC "-//Art Technology Group, Inc.//DTD Dynamo Security//EN" 
"http://www.atg.com/dtds/gsa/gsa_1.0.dtd">
<gsa-template>
<import-items>

<!-- 20 items of type concert -->

<add-item item-descriptor="concert" id="70701">
  <set-property name="artists"><![CDATA[100009]]></set-property>
  <set-property name="date"><![CDATA[12/13/2011 20:30:00]]></set-property>
  <set-property name="venue"><![CDATA[60601]]></set-property>
  <set-property name="name"><![CDATA[The Porpoise Spit: Reunion Tour]]></set-property>
  <set-property name="imageURL"><![CDATA[images/ThePorpoiseSpit.jpg]]></set-property>
</add-item>

<add-item item-descriptor="concert" id="70702">
  <set-property name="artists"><![CDATA[100015]]></set-property>
  <set-property name="date"><![CDATA[11/21/2011 15:30:00]]></set-property>
  <set-property name="venue"><![CDATA[60601]]></set-property>
  <set-property name="name"><![CDATA[Woody Singer 2011 World Tour]]></set-property>
  <set-property name="imageURL"><![CDATA[images/WoodySinger.jpg]]></set-property>
</add-item>

<add-item item-descriptor="concert" id="70703">
  <set-property name="artists"><![CDATA[100009]]></set-property>
  <set-property name="date"><![CDATA[10/07/2011 15:30:00]]></set-property>
  <set-property name="venue"><![CDATA[60602]]></set-property>
  <set-property name="name"><![CDATA[The Porpoise Spit: Reunion Tour]]></set-property>
  <set-property name="imageURL"><![CDATA[images/ThePorpoiseSpit.jpg]]></set-property>
</add-item>

<add-item item-descriptor="concert" id="70704">
  <set-property name="artists"><![CDATA[100013]]></set-property>
  <set-property name="date"><![CDATA[11/01/2011 15:30:00]]></set-property>
  <set-property name="venue"><![CDATA[60602]]></set-property>
  <set-property name="name"><![CDATA[Frida: The Sleeper Tour]]></set-property>
  <set-property name="imageURL"><![CDATA[images/FridaJetsen.jpg]]></set-property>
</add-item>

<add-item item-descriptor="concert" id="70705">
  <set-property name="artists"><![CDATA[100013]]></set-property>
  <set-property name="date"><![CDATA[10/15/2011 15:30:00]]></set-property>
  <set-property name="venue"><![CDATA[60610]]></set-property>
  <set-property name="name"><![CDATA[Frida: The Sleeper Tour]]></set-property>
  <set-property name="imageURL"><![CDATA[images/FridaJetsen.jpg]]></set-property>
</add-item>

<add-item item-descriptor="concert" id="70706">
  <set-property name="artists"><![CDATA[100014]]></set-property>
  <set-property name="date"><![CDATA[12/08/2004 15:30:00]]></set-property>
  <set-property name="venue"><![CDATA[60610]]></set-property>
  <set-property name="name"><![CDATA[Travis B. Live]]></set-property>
  <set-property name="imageURL"><![CDATA[images/TravisB.jpg]]></set-property>
</add-item>

<add-item item-descriptor="concert" id="70707">
  <set-property name="artists"><![CDATA[100011]]></set-property>
  <set-property name="date"><![CDATA[10/10/2011 15:30:00]]></set-property>
  <set-property name="venue"><![CDATA[60603]]></set-property>
  <set-property name="name"><![CDATA[Autumn Winters: Seasons Tour]]></set-property>
  <set-property name="imageURL"><![CDATA[images/AutumnWinters.jpg]]></set-property>
</add-item>

<add-item item-descriptor="concert" id="70708">
  <set-property name="artists"><![CDATA[100009]]></set-property>
  <set-property name="date"><![CDATA[11/21/2011 15:30:00]]></set-property>
  <set-property name="venue"><![CDATA[60603]]></set-property>
  <set-property name="name"><![CDATA[The Porpoise Spit: Reunion Tour]]></set-property>
  <set-property name="imageURL"><![CDATA[images/ThePorpoiseSpit.jpg]]></set-property>
</add-item>

<add-item item-descriptor="concert" id="70709">
  <set-property name="artists"><![CDATA[100011,100014]]></set-property>
  <set-property name="date"><![CDATA[11/25/2011 15:30:00]]></set-property>
  <set-property name="venue"><![CDATA[60604]]></set-property>
  <set-property name="name"><![CDATA[Autumn and Travis, Live 2011]]></set-property>
  <set-property name="imageURL"><![CDATA[images/AutumnandTravis.jpg]]></set-property>
</add-item>

<add-item item-descriptor="concert" id="70710">
  <set-property name="artists"><![CDATA[100007]]></set-property>
  <set-property name="date"><![CDATA[12/15/2011 15:30:00]]></set-property>
  <set-property name="venue"><![CDATA[60604]]></set-property>
  <set-property name="name"><![CDATA[Charlie Grassfield: The Man Is Back Tour]]></set-property>
  <set-property name="imageURL"><![CDATA[images/CharlieGrassfield.jpg]]></set-property>
</add-item>

<add-item item-descriptor="concert" id="70711">
  <set-property name="artists"><![CDATA[100002]]></set-property>
  <set-property name="date"><![CDATA[11/01/2011 15:30:00]]></set-property>
  <set-property name="venue"><![CDATA[60608]]></set-property>
  <set-property name="name"><![CDATA[Dexter Bluetone Live]]></set-property>
  <set-property name="imageURL"><![CDATA[images/DexterBluetone.jpg]]></set-property>
</add-item>

<add-item item-descriptor="concert" id="70712">
  <set-property name="artists"><![CDATA[100016]]></set-property>
  <set-property name="date"><![CDATA[10/20/2011 15:30:00]]></set-property>
  <set-property name="venue"><![CDATA[60608]]></set-property>
  <set-property name="name"><![CDATA[Kiki Shoppington Live]]></set-property>
  <set-property name="imageURL"><![CDATA[images/KikiShoppington.jpg]]></set-property>
</add-item>

<add-item item-descriptor="concert" id="70713">
  <set-property name="artists"><![CDATA[100015]]></set-property>
  <set-property name="date"><![CDATA[12/02/2011 15:30:00]]></set-property>
  <set-property name="venue"><![CDATA[60607]]></set-property>
  <set-property name="name"><![CDATA[Woody Singer 2011 World Tour]]></set-property>
  <set-property name="imageURL"><![CDATA[images/WoodySinger.jpg]]></set-property>
</add-item>

<add-item item-descriptor="concert" id="70714">
  <set-property name="artists"><![CDATA[100014]]></set-property>
  <set-property name="date"><![CDATA[11/30/2011 15:30:00]]></set-property>
  <set-property name="venue"><![CDATA[60607]]></set-property>
  <set-property name="name"><![CDATA[Travis B. Live]]></set-property>
  <set-property name="imageURL"><![CDATA[images/TravisB.jpg]]></set-property>
</add-item>

<add-item item-descriptor="concert" id="70715">
  <set-property name="artists"><![CDATA[100002]]></set-property>
  <set-property name="date"><![CDATA[10/12/2011 15:30:00]]></set-property>
  <set-property name="venue"><![CDATA[60609]]></set-property>
  <set-property name="name"><![CDATA[Dexter Bluetone Live]]></set-property>
  <set-property name="imageURL"><![CDATA[images/DexterBluetone.jpg]]></set-property>
</add-item>

<add-item item-descriptor="concert" id="70716">
  <set-property name="artists"><![CDATA[100016]]></set-property>
  <set-property name="date"><![CDATA[11/14/2011 15:30:00]]></set-property>
  <set-property name="venue"><![CDATA[60609]]></set-property>
  <set-property name="name"><![CDATA[Kiki Shoppington Live]]></set-property>
  <set-property name="imageURL"><![CDATA[images/KikiShoppington.jpg]]></set-property>
</add-item>

<add-item item-descriptor="concert" id="70717">
  <set-property name="artists"><![CDATA[100007]]></set-property>
  <set-property name="date"><![CDATA[12/16/2011 15:30:00]]></set-property>
  <set-property name="venue"><![CDATA[60606]]></set-property>
  <set-property name="name"><![CDATA[Charlie Grassfield: The Man Is Back Tour]]></set-property>
  <set-property name="imageURL"><![CDATA[images/CharlieGrassfield.jpg]]></set-property>
</add-item>

<add-item item-descriptor="concert" id="70718">
  <set-property name="artists"><![CDATA[100014]]></set-property>
  <set-property name="date"><![CDATA[10/18/2011 15:30:00]]></set-property>
  <set-property name="venue"><![CDATA[60606]]></set-property>
  <set-property name="name"><![CDATA[Travis B. Live]]></set-property>
  <set-property name="imageURL"><![CDATA[images/TravisB.jpg]]></set-property>
</add-item>

<add-item item-descriptor="concert" id="70719">
  <set-property name="artists"><![CDATA[100013,100006,100015,100016,100002]]></set-property>
  <set-property name="date"><![CDATA[11/20/2011 15:30:00]]></set-property>
  <set-property name="venue"><![CDATA[60605]]></set-property>
  <set-property name="name"><![CDATA[Tribute to New York Concert]]></set-property>
  <set-property name="imageURL"><![CDATA[images/TributeToNewYork.jpg]]></set-property>
</add-item>

<add-item item-descriptor="concert" id="70720">
  <set-property name="artists"><![CDATA[100002]]></set-property>
  <set-property name="date"><![CDATA[12/24/2011 15:30:00]]></set-property>
  <set-property name="venue"><![CDATA[60605]]></set-property>
  <set-property name="name"><![CDATA[Dexter Bluetone Live]]></set-property>
  <set-property name="imageURL"><![CDATA[images/DexterBluetone.jpg]]></set-property>
</add-item>

<!-- 10 items of type venue -->

<add-item item-descriptor="venue" id="60601">
  <set-property name="phone"><![CDATA[617-XXX-XXXX]]></set-property>
  <set-property name="city"><![CDATA[Boston]]></set-property>
  <set-property name="url"><![CDATA[http://www.bostonconcerthall.com]]></set-property>
  <set-property name="state"><![CDATA[MA]]></set-property>
  <set-property name="imageURL"><![CDATA[images/BostonConcertHall.jpg]]></set-property>
  <set-property name="description"><![CDATA[The best acoustics in town ...]]></set-property>
  <set-property name="street1"><![CDATA[One Douglas St.]]></set-property>
  <set-property name="name"><![CDATA[Boston Concert Hall]]></set-property>
  <set-property name="zip"><![CDATA[02114]]></set-property>
</add-item>

<add-item item-descriptor="venue" id="60602">
  <set-property name="phone"><![CDATA[505-XXX-XXXX]]></set-property>
  <set-property name="city"><![CDATA[Santa  Fe]]></set-property>
  <set-property name="url"><![CDATA[http://www.thepublicarena.com]]></set-property>
  <set-property name="state"><![CDATA[NM]]></set-property>
  <set-property name="imageURL"><![CDATA[images/ThePublicArena.jpg]]></set-property>
  <set-property name="description"><![CDATA[The Public Arena in Santa Fe Opera opened its doors in 1957, dedicated to the promotion of fine ...]]></set-property>
  <set-property name="street2"><![CDATA[Highway 80]]></set-property>
  <set-property name="street1"><![CDATA[PO Box 242424]]></set-property>
  <set-property name="name"><![CDATA[The Public Arena]]></set-property>
  <set-property name="zip"><![CDATA[87504]]></set-property>
</add-item>

<add-item item-descriptor="venue" id="60603">
  <set-property name="phone"><![CDATA[212.XXX.XXXX]]></set-property>
  <set-property name="city"><![CDATA[New York]]></set-property>
  <set-property name="url"><![CDATA[http://www.unionsquareconcerttheater.com]]></set-property>
  <set-property name="state"><![CDATA[NY]]></set-property>
  <set-property name="imageURL"><![CDATA[images/UninSquareConcertTheater.jpg]]></set-property>
  <set-property name="description"><![CDATA[The bradn new Union Square Conert Theater in lower Manhattan was developed with the idea that ...]]></set-property>
  <set-property name="street1"><![CDATA[50 East 16th Street]]></set-property>
  <set-property name="name"><![CDATA[Union Square Concert Theater]]></set-property>
  <set-property name="zip"><![CDATA[10003]]></set-property>
</add-item>

<add-item item-descriptor="venue" id="60604">
  <set-property name="phone"><![CDATA[1-866-690-2370]]></set-property>
  <set-property name="city"><![CDATA[Mansfield]]></set-property>
  <set-property name="url"><![CDATA[http://NorthLakesCenter.com]]></set-property>
  <set-property name="state"><![CDATA[MA]]></set-property>
  <set-property name="imageURL"><![CDATA[images/NorthLakesCenter.jpg]]></set-property>
  <set-property name="description"><![CDATA[Enjoy the perfroming arts in the natural wonder of the North Lakes Center, where ...]]></set-property>
  <set-property name="street2"><![CDATA[PO Box 1000]]></set-property>
  <set-property name="street1"><![CDATA[1000 South Main Street]]></set-property>
  <set-property name="name"><![CDATA[North Lakes Center]]></set-property>
  <set-property name="zip"><![CDATA[02048-3148]]></set-property>
</add-item>

<add-item item-descriptor="venue" id="60605">
  <set-property name="phone"><![CDATA[615.XXX.XXXX]]></set-property>
  <set-property name="city"><![CDATA[Nashville]]></set-property>
  <set-property name="url"><![CDATA[http://www.jeffersonhall.com]]></set-property>
  <set-property name="state"><![CDATA[TN]]></set-property>
  <set-property name="imageURL"><![CDATA[images/JeffersonHall.jpg]]></set-property>
  <set-property name="description"><![CDATA[The Jefferson Hall first opened its doors in 1892 as a vision of Captain Jefferson J. Jefferson ...]]></set-property>
  <set-property name="street1"><![CDATA[100 Fifth Avenue North]]></set-property>
  <set-property name="name"><![CDATA[Ryman Auditorium]]></set-property>
  <set-property name="zip"><![CDATA[37219]]></set-property>
</add-item>

<add-item item-descriptor="venue" id="60606">
  <set-property name="phone"><![CDATA[506.XX.XXXX]]></set-property>
  <set-property name="city"><![CDATA[Moncton]]></set-property>
  <set-property name="url"><![CDATA[http://www.MonctonOperaHouse.com]]></set-property>
  <set-property name="state"><![CDATA[NB, Canada]]></set-property>
  <set-property name="imageURL"><![CDATA[images/MonctonOperaHouse.jpg]]></set-property>
  <set-property name="description"><![CDATA[The storied Moncton Opera House, an architectural and cultural icon of the city, attracts more than ...]]></set-property>
  <set-property name="street1"><![CDATA[Main Street]]></set-property>
  <set-property name="name"><![CDATA[Moncton Opera House]]></set-property>
  <set-property name="zip"><![CDATA[202 E1B]]></set-property>
</add-item>

<add-item item-descriptor="venue" id="60607">
  <set-property name="phone"><![CDATA[323.XXX.XXXX]]></set-property>
  <set-property name="city"><![CDATA[West Hollywood]]></set-property>
  <set-property name="url"><![CDATA[http://www.westhollywoodmediacenter.org]]></set-property>
  <set-property name="state"><![CDATA[CA]]></set-property>
  <set-property name="imageURL"><![CDATA[images/WestHollywoodMediaCenter.jpg]]></set-property>
  <set-property name="description"><![CDATA[The intimate West Hollywood Media Center plays host to a variery of cultural events and is the official ...]]></set-property>
  <set-property name="street1"><![CDATA[Melrose Avenue]]></set-property>
  <set-property name="name"><![CDATA[West Hollywood Media Center]]></set-property>
  <set-property name="zip"><![CDATA[90046]]></set-property>
</add-item>

<add-item item-descriptor="venue" id="60608">
  <set-property name="phone"><![CDATA[212.XXX.XXXX]]></set-property>
  <set-property name="city"><![CDATA[New York]]></set-property>
  <set-property name="url"><![CDATA[http://www.braxtonhall.com]]></set-property>
  <set-property name="state"><![CDATA[NY]]></set-property>
  <set-property name="imageURL"><![CDATA[images/BraxtonHall.jpg]]></set-property>
  <set-property name="description"><![CDATA[The theater at Braxton Hall has been a premier classical music performance space in the ...]]></set-property>
  <set-property name="street1"><![CDATA[West 57th Street]]></set-property>
  <set-property name="name"><![CDATA[Braxton Hall]]></set-property>
  <set-property name="zip"><![CDATA[10019]]></set-property>
</add-item>

<add-item item-descriptor="venue" id="60609">
  <set-property name="phone"><![CDATA[404.XXX.XXXX]]></set-property>
  <set-property name="city"><![CDATA[Atlanta]]></set-property>
  <set-property name="url"><![CDATA[http://www.wolftheater.org]]></set-property>
  <set-property name="state"><![CDATA[GA]]></set-property>
  <set-property name="imageURL"><![CDATA[images/WolfTheater.jpg]]></set-property>
  <set-property name="description"><![CDATA[Many legends surround Atlanta's Wolf Theater, but the beauty of its architecture and the quality if its acoustics ...]]></set-property>
  <set-property name="street1"><![CDATA[Peachtree Street]]></set-property>
  <set-property name="name"><![CDATA[Wolf Theater]]></set-property>
  <set-property name="zip"><![CDATA[30308]]></set-property>
</add-item>

<add-item item-descriptor="venue" id="60610">
  <set-property name="phone"><![CDATA[303.XXX.XXXX]]></set-property>
  <set-property name="city"><![CDATA[Denver]]></set-property>
  <set-property name="url"><![CDATA[http://www.bluestoneamphitheater.com]]></set-property>
  <set-property name="state"><![CDATA[CO]]></set-property>
  <set-property name="imageURL"><![CDATA[images/BlueStoneAmphitheater.jpg]]></set-property>
  <set-property name="description"><![CDATA[Nestled in the mountain foothills, the natural wonder of the Blue Stone Amphitheater is a majestic venue that plays host to ...]]></set-property>
  <set-property name="street1"><![CDATA[Lawrence Street]]></set-property>
  <set-property name="name"><![CDATA[Blue Stone Amphitheater]]></set-property>
  <set-property name="zip"><![CDATA[80204]]></set-property>
</add-item>


</import-items>

</gsa-template>
