<?xml version="1.0" encoding="ISO-8859-1" ?>
<!DOCTYPE gsa-template PUBLIC "-//Art Technology Group, Inc.//DTD Dynamo Security//EN" "http://www.atg.com/dtds/gsa/gsa_1.0.dtd">
<!--This file was generated by the ATG Repository Editor plugin-->
<gsa-template>
    <header>
        <name>SongsRepository</name>
        <author>Diana Carroll</author>
        <description>This file defines the Songs repository for the Dynamusic-base
        module for use in the Foundations of ATG Application Development course.</description>
    </header>
    <item-descriptor name="song" content="false" folder="false" use-id-for-path="false" display-property="title" hidden="false" expert="false" writable="true" cache-mode="simple" id-separator=":" query-cache-size="100">
        <table name="dynamusic_song" type="primary" id-column-name="id">
            <property name="id" data-type="string" required="false" readable="true" writable="true" queryable="true" hidden="false" expert="false" cache-mode="inherit"/>
            <property name="title" column-name="title" data-type="string" required="false" readable="true" writable="true" queryable="true" hidden="false" expert="false" cache-mode="inherit"/>
            <property name="genre" column-name="genre" data-type="enumerated" required="false" readable="true" writable="true" queryable="true" hidden="false" expert="false" cache-mode="inherit">
                <attribute name="useCodeForValue" value="false"/>
                <option value="jazz"/>
                <option value="country"/>
                <option value="pop"/>
                <option value="blues"/>
                <option value="classical"/>
            </property>
            <property name="downloadURL" column-name="download" data-type="string" required="false" readable="true" writable="true" queryable="true" hidden="false" expert="false" cache-mode="inherit"/>
            <property name="artist" column-name="artist" item-type="artist" required="false" readable="true" writable="true" queryable="true" hidden="false" expert="false" cache-mode="inherit"/>
            <property name="description" column-name="lyrics" data-type="string" required="false" readable="true" writable="true" queryable="true" hidden="false" expert="false" cache-mode="inherit"/>
        </table>
    </item-descriptor>
    <item-descriptor name="artist" content="false" folder="false" use-id-for-path="false" display-property="name" hidden="false" expert="false" writable="true" cache-mode="simple" id-separator=":" query-cache-size="100">
        <table name="dynamusic_artist" type="primary" id-column-name="id">
            <property name="id" data-type="string" required="false" readable="true" writable="true" queryable="true" hidden="false" expert="false" cache-mode="inherit"/>
            <property name="name" column-name="name" data-type="string" required="false" readable="true" writable="true" queryable="true" hidden="false" expert="false" cache-mode="inherit"/>
            <property name="description" column-name="description" data-type="string" required="false" readable="true" writable="true" queryable="true" hidden="false" expert="false" cache-mode="inherit"/>
            <property name="photoURL" column-name="image" data-type="string" required="false" readable="true" writable="true" queryable="true" hidden="false" expert="false" cache-mode="inherit"/>
            <property name="artistGenre" column-name="genre" data-type="enumerated" required="false" readable="true" writable="true" queryable="true" hidden="false" expert="false" cache-mode="inherit">
                <attribute name="useCodeForValue" value="false"/>
                <option value="jazz"/>
                <option value="country"/>
                <option value="pop"/>
                <option value="blues"/>
                <option value="classical"/>
            </property>
        </table>
        <table name="dynamusic_artist_album" type="multi" id-column-name="artist_id">
            <property name="albums" column-name="album_id" data-type="set" component-item-type="album"/>
        </table>
    </item-descriptor>
    <item-descriptor name="album" content="false" folder="false" use-id-for-path="false" display-property="title" hidden="false" expert="false" writable="true" cache-mode="simple" id-separator=":" query-cache-size="100">
        <table name="dynamusic_album" type="primary" id-column-name="id">
            <property name="id" data-type="string" required="false" readable="true" writable="true" queryable="true" hidden="false" expert="false" cache-mode="inherit"/>
            <property name="title" column-name="title" data-type="string" required="false" readable="true" writable="true" queryable="true" hidden="false" expert="false" cache-mode="inherit"/>
            <property name="coverURL" column-name="cover" data-type="string" required="false" readable="true" writable="true" queryable="true" hidden="false" expert="false" cache-mode="inherit"/>
            <property name="description" column-name="description" data-type="string" required="false" readable="true" writable="true" queryable="true" hidden="false" expert="false" cache-mode="inherit"/>
            <property name="date" column-name="published" data-type="timestamp" required="false" readable="true" writable="true" queryable="true" hidden="false" expert="false" cache-mode="inherit"/>
            <property name="artist" column-name="artist" item-type="artist" required="false" readable="true" writable="true" queryable="true" hidden="false" expert="false" cache-mode="inherit"/>
            <property name="albumGenre" column-name="genre" data-type="enumerated" >
                <attribute name="useCodeForValue" value="false"/>
                <option value="jazz"/>
                <option value="country"/>
                <option value="pop"/>
                <option value="blues"/>
                <option value="classical"/>
            </property>
        </table>
        <table name="dynamusic_album_songs" type="multi" id-column-name="album_id">
            <property name="songList" column-name="song_list" data-type="set" component-item-type="song" required="false" readable="true" writable="true" queryable="true" hidden="false" expert="false" cascade="delete" cache-mode="inherit"/>
        </table>
        <table name="dynamusic_artist_album" type="multi" id-column-name="album_id">
            <property name="artists" column-name="artist_id" data-type="set" component-item-type="artist"/>
        </table>
        <property name="genre" data-type="string" writable="true">
        	<derivation override-property="albumGenre">
        		<expression>artist.artistGenre</expression>
        	</derivation>
        </property>
    </item-descriptor>
	<query-items item-descriptor="song" quiet="true">ALL</query-items>
	<query-items item-descriptor="album" quiet="true">ALL</query-items>
	<query-items item-descriptor="artist">ALL</query-items>
</gsa-template>
<!--ECLIPSE REPOSITORY EDITOR STATE INFO: Do Not Edit This Line |I:song:30:334:0:1,P:dynamusic_song.id:0,P:dynamusic_song.title:0,P:dynamusic_song.genre:0,P:dynamusic_song.downloadURL:0,P:dynamusic_song.artist:0,P:dynamusic_song.description:0,I:artist:219:693:0:1,P:dynamusic_artist.id:0,P:dynamusic_artist.name:0,P:dynamusic_artist.description:0,P:dynamusic_artist.photoURL:0,P:dynamusic_artist.artistGenre:0,P:dynamusic_artist_album.albums:0,I:album:212:30:0:1,P:dynamusic_album.id:0,P:dynamusic_album.title:0,P:dynamusic_album.coverURL:0,P:dynamusic_album.description:0,P:dynamusic_album.date:0,P:dynamusic_album.artist:0,P:dynamusic_album_songs.songList:0,P:dynamusic_artist_album.artists:0,-->