<?xml version="1.0" encoding="UTF-8" standalone="no"?>
<!DOCTYPE gsa-template SYSTEM "dynamosystemresource:/atg/dtds/gsa/gsa_1.0.dtd">
<gsa-template>
<import-items>
<!-- 38 items of type album -->

<add-item item-descriptor="album" id="300123">
  <set-property name="description"><![CDATA[Inevitably, when critics praise a new Singer album, they label it the "best since Purple Roses," and with good reason. Inspired by a ...]]></set-property>
  <set-property name="songList"><![CDATA[212301,212302,212303]]></set-property>
  <set-property name="coverURL"><![CDATA[images/PurpleRoses.jpg]]></set-property>
  <set-property name="artist"><![CDATA[100015]]></set-property>
  <set-property name="date"><![CDATA[1/17/1975 10:53:16]]></set-property>
  <set-property name="title"><![CDATA[Purple Roses]]></set-property>
</add-item>

<add-item item-descriptor="album" id="300122">
  <set-property name="description"><![CDATA[Singer was virtually pouring out great songs when this masterpiece arrived in the summer of 1965. From the opening of ...]]></set-property>
  <set-property name="songList"><![CDATA[212203,212202,212201]]></set-property>
  <set-property name="coverURL"><![CDATA[images/TheManhattanAlbum.jpg]]></set-property>
  <set-property name="artist"><![CDATA[100015]]></set-property>
  <set-property name="date"><![CDATA[7/7/1965 10:53:16]]></set-property>
  <set-property name="title"><![CDATA[The Manhattan Album]]></set-property>
</add-item>

<add-item item-descriptor="album" id="300121">
  <set-property name="description"><![CDATA[Considered an unprecedented masterpiece when it arrived on two records in May of 1966, Stardust featured Singer continuing ...]]></set-property>
  <set-property name="songList"><![CDATA[212101,212102,212103,212104]]></set-property>
  <set-property name="coverURL"><![CDATA[images/Stardust.jpg]]></set-property>
  <set-property name="artist"><![CDATA[100015]]></set-property>
  <set-property name="date"><![CDATA[5/5/1966 10:53:16]]></set-property>
  <set-property name="title"><![CDATA[Stardust]]></set-property>
</add-item>

<add-item item-descriptor="album" id="300052">
  <set-property name="description"><![CDATA[Charlie Grassfield had been breaking new ground for a decade when Runaway Train suddenly made the world at large take notice. ...]]></set-property>
  <set-property name="songList"><![CDATA[205202,205203,205201]]></set-property>
  <set-property name="coverURL"><![CDATA[images/RunawayTrain.jpg]]></set-property>
  <set-property name="artist"><![CDATA[100007]]></set-property>
  <set-property name="date"><![CDATA[2/2/1968 10:53:16]]></set-property>
  <set-property name="title"><![CDATA[Runaway Train]]></set-property>
</add-item>

<add-item item-descriptor="album" id="300053">
  <set-property name="description"><![CDATA[Perhaps this should have been titled The Freewheelin' Charlie Grassfield in homage to the watershed ...]]></set-property>
  <set-property name="songList"><![CDATA[205303,205302,205301]]></set-property>
  <set-property name="coverURL"><![CDATA[images/WelcomeToTheNewWorld.jpg]]></set-property>
  <set-property name="artist"><![CDATA[100007]]></set-property>
  <set-property name="date"><![CDATA[6/6/1965 10:53:16]]></set-property>
  <set-property name="title"><![CDATA[Welcome To The New World]]></set-property>
</add-item>

<add-item item-descriptor="album" id="300051">
  <set-property name="description"><![CDATA[The Man From Texas, which draws on Grassfield's original songs as well as those by ...]]></set-property>
  <set-property name="songList"><![CDATA[205103,205101,205102]]></set-property>
  <set-property name="coverURL"><![CDATA[images/TheManFromTexas.jpg]]></set-property>
  <set-property name="artist"><![CDATA[100007]]></set-property>
  <set-property name="date"><![CDATA[3/4/2003 10:53:16]]></set-property>
  <set-property name="title"><![CDATA[The Man From Texas]]></set-property>
</add-item>

<add-item item-descriptor="album" id="300093">
  <set-property name="description"><![CDATA[They don't call him 'Dynamo' for nothing!  This high-energy, passionate masterpiece was a validation for Wilson after ...]]></set-property>
  <set-property name="songList"><![CDATA[209303,209301,209302]]></set-property>
  <set-property name="coverURL"><![CDATA[images/BringOnTheNight.jpg]]></set-property>
  <set-property name="artist"><![CDATA[100012]]></set-property>
  <set-property name="date"><![CDATA[8/5/1989 10:53:16]]></set-property>
  <set-property name="title"><![CDATA[Bring On The Night]]></set-property>
</add-item>

<add-item item-descriptor="album" id="300092">
  <set-property name="description"><![CDATA[A commercial disappointment upon its release, this difficult and artful set has since been reconsidered, and is now ...]]></set-property>
  <set-property name="songList"><![CDATA[209201,209203,209202]]></set-property>
  <set-property name="coverURL"><![CDATA[images/TheWolf.jpg]]></set-property>
  <set-property name="artist"><![CDATA[100012]]></set-property>
  <set-property name="date"><![CDATA[4/14/1981 10:53:16]]></set-property>
  <set-property name="title"><![CDATA[The Wolf]]></set-property>
</add-item>

<add-item item-descriptor="album" id="300091">
  <set-property name="description"><![CDATA[Capturing Wilson where he's at his best, on stage and improvisational, this celebrated release set the high-water mark for ...]]></set-property>
  <set-property name="songList"><![CDATA[209102,209101,209103]]></set-property>
  <set-property name="coverURL"><![CDATA[images/LiveInMontreal.jpg]]></set-property>
  <set-property name="artist"><![CDATA[100012]]></set-property>
  <set-property name="date"><![CDATA[5/7/1977 10:53:16]]></set-property>
  <set-property name="title"><![CDATA[Live In Montreal]]></set-property>
</add-item>

<add-item item-descriptor="album" id="300132">
  <set-property name="description"><![CDATA[This perfect matchup of singer, song, and producer, this award-winning debut introduced the world to Kiki Shoppington's ...]]></set-property>
  <set-property name="songList"><![CDATA[213203,213201,213202]]></set-property>
  <set-property name="coverURL"><![CDATA[images/TheFirstAlbum.jpg]]></set-property>
  <set-property name="artist"><![CDATA[100016]]></set-property>
  <set-property name="date"><![CDATA[4/25/2000 10:53:16]]></set-property>
  <set-property name="title"><![CDATA[The First Album]]></set-property>
</add-item>

<add-item item-descriptor="album" id="300131">
  <set-property name="description"><![CDATA[Kiki Shoppington released her second album "No Regrets" in 1996 and it was an instant smash. It gave her some of the biggest hits of her career including two #1 singles. ...]]></set-property>
  <set-property name="songList"><![CDATA[213103,213102,213101]]></set-property>
  <set-property name="coverURL"><![CDATA[images/NoRegrets.jpg]]></set-property>
  <set-property name="artist"><![CDATA[100016]]></set-property>
  <set-property name="date"><![CDATA[6/18/1996 10:53:16]]></set-property>
  <set-property name="title"><![CDATA[No Regrets]]></set-property>
</add-item>

<add-item item-descriptor="album" id="300133">
  <set-property name="description"><![CDATA[After a nearly four-year absence from recording, Kiki returns with Miami Nights, her third album. Mixing ballads and uptempo dance tracks ... ]]></set-property>
  <set-property name="songList"><![CDATA[213302,213303,213301]]></set-property>
  <set-property name="coverURL"><![CDATA[images/MiamiNights.jpg]]></set-property>
  <set-property name="artist"><![CDATA[100016]]></set-property>
  <set-property name="date"><![CDATA[7/13/1993 10:53:16]]></set-property>
  <set-property name="title"><![CDATA[Miami Nights]]></set-property>
</add-item>

<add-item item-descriptor="album" id="300041">
  <set-property name="description"><![CDATA[Elwin Redshoes kicked off his debut album with a ...]]></set-property>
  <set-property name="songList"><![CDATA[204101,204102,204103]]></set-property>
  <set-property name="coverURL"><![CDATA[images/EightDays.jpg]]></set-property>
  <set-property name="artist"><![CDATA[100006]]></set-property>
  <set-property name="date"><![CDATA[8/26/1977 10:53:16]]></set-property>
  <set-property name="title"><![CDATA[Eight Days]]></set-property>
</add-item>

<add-item item-descriptor="album" id="300042">
  <set-property name="description"><![CDATA[By far the most ambitious album of Redshoes' early career, Red Flag was originally intended ...]]></set-property>
  <set-property name="songList"><![CDATA[204203,204204,204201,204202]]></set-property>
  <set-property name="coverURL"><![CDATA[images/RedFlag.jpg]]></set-property>
  <set-property name="artist"><![CDATA[100006]]></set-property>
  <set-property name="date"><![CDATA[7/6/1982 10:53:16]]></set-property>
  <set-property name="title"><![CDATA[Red Flag]]></set-property>
</add-item>

<add-item item-descriptor="album" id="300124">
  <set-property name="description"><![CDATA[The 90's were a particularly shifting, uncertain decade for Woody Singer's unique voice. But he capped it off with his first album of all-original material in several years ...]]></set-property>
  <set-property name="songList"><![CDATA[212402,212403,212401]]></set-property>
  <set-property name="coverURL"><![CDATA[images/Crimes.jpg]]></set-property>
  <set-property name="artist"><![CDATA[100015]]></set-property>
  <set-property name="date"><![CDATA[9/19/1989 10:53:16]]></set-property>
  <set-property name="title"><![CDATA[Crimes]]></set-property>
</add-item>

<add-item item-descriptor="album" id="300043">
  <set-property name="description"><![CDATA[Less hot under the collar than his debut, Candy Cigarettes was partly inspired by Redshoes' 1978 world tour. The songs are...]]></set-property>
  <set-property name="songList"><![CDATA[204301,204302,204303,204304]]></set-property>
  <set-property name="coverURL"><![CDATA[images/CandyCigarettes.jpg]]></set-property>
  <set-property name="artist"><![CDATA[100006]]></set-property>
  <set-property name="date"><![CDATA[9/24/1979 10:53:16]]></set-property>
  <set-property name="title"><![CDATA[Candy Cigarettes]]></set-property>
</add-item>

<add-item item-descriptor="album" id="300082">
  <set-property name="description"><![CDATA[The quiet success of Autumn Winter's previous album, Women and Men, proved that the world was ready for a combination of ...]]></set-property>
  <set-property name="songList"><![CDATA[208201,208202,208204,208203]]></set-property>
  <set-property name="coverURL"><![CDATA[images/Summer.jpg]]></set-property>
  <set-property name="artist"><![CDATA[100011]]></set-property>
  <set-property name="date"><![CDATA[11/4/1997 10:53:16]]></set-property>
  <set-property name="title"><![CDATA[Summer]]></set-property>
</add-item>

<add-item item-descriptor="album" id="300081">
  <set-property name="description"><![CDATA[The Charlie Grassfield Songbook, her first new release in five years, is Autumn Winters' tribute to the great ...]]></set-property>
  <set-property name="songList"><![CDATA[208102,208103,208101]]></set-property>
  <set-property name="coverURL"><![CDATA[images/CGrassfieldSongbook.jpg]]></set-property>
  <set-property name="artist"><![CDATA[100011]]></set-property>
  <set-property name="date"><![CDATA[11/9/2002 10:53:16]]></set-property>
  <set-property name="title"><![CDATA[The Charlie Grassfield Songbook]]></set-property>
</add-item>

<add-item item-descriptor="album" id="300083">
  <set-property name="description"><![CDATA[Autumn Winters comes full circle on this album, cowriting 11 out of 12 cuts and proving that she can do more than sing. Once again she ...]]></set-property>
  <set-property name="songList"><![CDATA[208302,208301]]></set-property>
  <set-property name="coverURL"><![CDATA[images/WomenAndMen.jpg]]></set-property>
  <set-property name="artist"><![CDATA[100011]]></set-property>
  <set-property name="date"><![CDATA[2/7/1995 10:53:16]]></set-property>
  <set-property name="title"><![CDATA[Women and Men]]></set-property>
</add-item>

<add-item item-descriptor="album" id="300002">
  <set-property name="description"><![CDATA[This release illustrates just how far Bluetone has come in his career.  A series of guest shots by such artists as ...]]></set-property>
  <set-property name="songList"><![CDATA[200011,200012,200013,200014]]></set-property>
  <set-property name="coverURL"><![CDATA[images/RainySunday.jpg]]></set-property>
  <set-property name="artist"><![CDATA[100002]]></set-property>
  <set-property name="date"><![CDATA[11/4/1997 09:30:00]]></set-property>
  <set-property name="title"><![CDATA[Rainy Sunday]]></set-property>
</add-item>

<add-item item-descriptor="album" id="300001">
  <set-property name="description"><![CDATA[An essential recording of the legendary Paris concert that cemented his reputation as a ...]]></set-property>
  <set-property name="songList"><![CDATA[200003,200001,200002]]></set-property>
  <set-property name="coverURL"><![CDATA[images/LiveInParis.jpg]]></set-property>
  <set-property name="artist"><![CDATA[100002]]></set-property>
  <set-property name="date"><![CDATA[3/4/1977 11:06:00]]></set-property>
  <set-property name="title"><![CDATA[Live In Paris]]></set-property>
</add-item>

<add-item item-descriptor="album" id="300101">
  <set-property name="description"><![CDATA[Headline-grabbing personal upheavals turn into introspective surges on Squiggle, the third album by Frida Jetsen. Driven inward after a ...]]></set-property>
  <set-property name="songList"><![CDATA[210101,210102,210103,210104]]></set-property>
  <set-property name="coverURL"><![CDATA[images/Squiggle.jpg]]></set-property>
  <set-property name="artist"><![CDATA[100013]]></set-property>
  <set-property name="date"><![CDATA[8/23/1997 10:53:16]]></set-property>
  <set-property name="title"><![CDATA[Squiggle]]></set-property>
</add-item>

<add-item item-descriptor="album" id="300071">
  <set-property name="description"><![CDATA[Unlike most composer/pianists, Vladimir's instrumental prowess was commensurate with his compositional talents ...]]></set-property>
  <set-property name="songList"><![CDATA[207103,207101,207102]]></set-property>
  <set-property name="coverURL"><![CDATA[images/ConcertoNo2.jpg]]></set-property>
  <set-property name="artist"><![CDATA[100010]]></set-property>
  <set-property name="date"><![CDATA[8/16/1994 10:53:16]]></set-property>
  <set-property name="title"><![CDATA[Concerto No. 2]]></set-property>
</add-item>

<add-item item-descriptor="album" id="300031">
  <set-property name="description"><![CDATA[This collection by pianist Tobey Jeffries brings together twenty-two of Bee's most beautiful and memorable...]]></set-property>
  <set-property name="songList"><![CDATA[200082,200081,200083]]></set-property>
  <set-property name="coverURL"><![CDATA[images/TheCompleteSymphonies.jpg]]></set-property>
  <set-property name="artist"><![CDATA[100005]]></set-property>
  <set-property name="date"><![CDATA[8/26/1997 10:53:16]]></set-property>
  <set-property name="title"><![CDATA[The Complete Symphonies]]></set-property>
</add-item>

<add-item item-descriptor="album" id="300072">
  <set-property name="description"><![CDATA[A definitive collection of Vladimir's signature work ...]]></set-property>
  <set-property name="songList"><![CDATA[207202,207203,207201]]></set-property>
  <set-property name="coverURL"><![CDATA[images/PianoSonatas.jpg]]></set-property>
  <set-property name="artist"><![CDATA[100010]]></set-property>
  <set-property name="date"><![CDATA[10/24/2001 10:53:16]]></set-property>
  <set-property name="title"><![CDATA[Piano Sonatas]]></set-property>
</add-item>

<add-item item-descriptor="album" id="300011">
  <set-property name="description"><![CDATA[Buddy Longfellow Johnson's band endured because of its leader's uncanny ability to put together fresh arrangements and strong soloists while ...]]></set-property>
  <set-property name="songList"><![CDATA[200035,200034,200037,200036,200031,200033,200032,200039,200038,200040]]></set-property>
  <set-property name="coverURL"><![CDATA[images/SomethingWild.jpg]]></set-property>
  <set-property name="artist"><![CDATA[100003]]></set-property>
  <set-property name="date"><![CDATA[7/26/1955 10:47:37]]></set-property>
  <set-property name="title"><![CDATA[Something Wild]]></set-property>
</add-item>

<add-item item-descriptor="album" id="300012">
  <set-property name="description"><![CDATA[One of the greatest big bands in jazz history, this rousing album ...]]></set-property>
  <set-property name="songList"><![CDATA[200044,200043,200042,200041]]></set-property>
  <set-property name="coverURL"><![CDATA[images/SwingShift.jpg]]></set-property>
  <set-property name="artist"><![CDATA[100003]]></set-property>
  <set-property name="date"><![CDATA[4/27/1999 11:53:00]]></set-property>
  <set-property name="title"><![CDATA[Swing Shift]]></set-property>
</add-item>

<add-item item-descriptor="album" id="300112">
  <set-property name="description"><![CDATA[The pop raucousness of the opening track seems like a statement of purpose for Travis B., whose fifth album strikes a more ...]]></set-property>
  <set-property name="songList"><![CDATA[211103,211122,211201]]></set-property>
  <set-property name="coverURL"><![CDATA[images/PlacesIveBeen.jpg]]></set-property>
  <set-property name="artist"><![CDATA[100014]]></set-property>
  <set-property name="date"><![CDATA[5/4/1999 10:53:16]]></set-property>
  <set-property name="title"><![CDATA[Places I've Been]]></set-property>
</add-item>

<add-item item-descriptor="album" id="300111">
  <set-property name="description"><![CDATA[This easy-listening collection features a generous 14 cuts, heavy on ballads with ...]]></set-property>
  <set-property name="songList"><![CDATA[211101,211103,211102]]></set-property>
  <set-property name="coverURL"><![CDATA[images/Tumbleweeds.jpg]]></set-property>
  <set-property name="artist"><![CDATA[100014]]></set-property>
  <set-property name="date"><![CDATA[4/24/2001 10:53:16]]></set-property>
  <set-property name="title"><![CDATA[Tumbleweeds]]></set-property>
</add-item>

<add-item item-descriptor="album" id="300102">
  <set-property name="description"><![CDATA[This marvel is such an original that she remains an acquired taste. The second album proves more challenging than her debut. ...]]></set-property>
  <set-property name="songList"><![CDATA[210201,210205,210204,210203,210202]]></set-property>
  <set-property name="coverURL"><![CDATA[images/Swans.jpg]]></set-property>
  <set-property name="artist"><![CDATA[100013]]></set-property>
  <set-property name="date"><![CDATA[6/13/1995 10:53:16]]></set-property>
  <set-property name="title"><![CDATA[Swans]]></set-property>
</add-item>

<add-item item-descriptor="album" id="300021">
  <set-property name="description"><![CDATA[Before this album, no one seriously thought of rock music as art. That all changed when ...]]></set-property>
  <set-property name="songList"><![CDATA[200053,200052,200055,200054,200057,200056,200059,200058,200051]]></set-property>
  <set-property name="coverURL"><![CDATA[images/RoadsideAttraction.jpg]]></set-property>
  <set-property name="artist"><![CDATA[100004]]></set-property>
  <set-property name="date"><![CDATA[6/1/1967 09:35:00]]></set-property>
  <set-property name="title"><![CDATA[Roadside Attraction]]></set-property>
</add-item>

<add-item item-descriptor="album" id="300103">
  <set-property name="description"><![CDATA[Ever since Frida Jetsen's vital, effusive 1993 debut, her music has been increasingly intimate and gently private. It's typical then that Sleeper's first single ...]]></set-property>
  <set-property name="songList"><![CDATA[210303,210302,210301]]></set-property>
  <set-property name="coverURL"><![CDATA[images/Sleeper.jpg]]></set-property>
  <set-property name="artist"><![CDATA[100013]]></set-property>
  <set-property name="date"><![CDATA[8/28/2001 10:53:16]]></set-property>
  <set-property name="title"><![CDATA[Sleeper]]></set-property>
</add-item>

<add-item item-descriptor="album" id="300022">
  <set-property name="description"><![CDATA[This debut album emerged on the scene and immediately caught the world's attention ...]]></set-property>
  <set-property name="songList"><![CDATA[200062,200061,200063,200064]]></set-property>
  <set-property name="coverURL"><![CDATA[images/PresBrightonBramblers.jpg]]></set-property>
  <set-property name="artist"><![CDATA[100004]]></set-property>
  <set-property name="date"><![CDATA[5/8/1970 11:58:00]]></set-property>
  <set-property name="title"><![CDATA[Presenting The Brighton Bramblers]]></set-property>
</add-item>

<add-item item-descriptor="album" id="300023">
  <set-property name="description"><![CDATA[The Brighton Bramblers' last days as a band were as productive as any major pop phenomenon that was about to break up ...]]></set-property>
  <set-property name="songList"><![CDATA[200073,200072,200071]]></set-property>
  <set-property name="coverURL"><![CDATA[images/TheRedAndTheBlack.jpg]]></set-property>
  <set-property name="artist"><![CDATA[100004]]></set-property>
  <set-property name="date"><![CDATA[9/26/1969 10:40:37]]></set-property>
  <set-property name="title"><![CDATA[The Red And The Black]]></set-property>
</add-item>

<add-item item-descriptor="album" id="300062">
  <set-property name="description"><![CDATA[Released in 1987, this album mixed anger and humor in a celebration of ...]]></set-property>
  <set-property name="songList"><![CDATA[206201,206202,206203,206204]]></set-property>
  <set-property name="coverURL"><![CDATA[images/OnThisIsland.jpg]]></set-property>
  <set-property name="artist"><![CDATA[100009]]></set-property>
  <set-property name="date"><![CDATA[7/7/1987 10:53:16]]></set-property>
  <set-property name="title"><![CDATA[On This Island]]></set-property>
</add-item>

<add-item item-descriptor="album" id="300003">
  <set-property name="description"><![CDATA[Opting for simplicity this time around, Dexter Bluetone gets by with a little help from his seasoned backing band, producing an album that's evocative of...]]></set-property>
  <set-property name="songList"><![CDATA[200023,200022,200021]]></set-property>
  <set-property name="coverURL"><![CDATA[images/HoneyBee.jpg]]></set-property>
  <set-property name="artist"><![CDATA[100002]]></set-property>
  <set-property name="date"><![CDATA[10/20/1998 10:49:00]]></set-property>
  <set-property name="title"><![CDATA[Honey Bee]]></set-property>
</add-item>

<add-item item-descriptor="album" id="300061">
  <set-property name="description"><![CDATA[City Life is a rock album realized on an epic scale. Most of its 12 songs are ...]]></set-property>
  <set-property name="songList"><![CDATA[206101,206102,206103,206104]]></set-property>
  <set-property name="coverURL"><![CDATA[images/CityLife.jpg]]></set-property>
  <set-property name="artist"><![CDATA[100009]]></set-property>
  <set-property name="date"><![CDATA[5/2/1989 10:53:16]]></set-property>
  <set-property name="title"><![CDATA[City Life]]></set-property>
</add-item>

<add-item item-descriptor="album" id="300063">
  <set-property name="description"><![CDATA[His masterpiece, this album was the culmination of many years spent ...]]></set-property>
  <set-property name="songList"><![CDATA[206303,206302,206301,206305,206304]]></set-property>
  <set-property name="coverURL"><![CDATA[images/GoodbyeTourists.jpg]]></set-property>
  <set-property name="artist"><![CDATA[100009]]></set-property>
  <set-property name="date"><![CDATA[1/21/1980 10:53:16]]></set-property>
  <set-property name="title"><![CDATA[Goodbye Tourists]]></set-property>
</add-item>

<!-- 141 items of type song -->

<add-item item-descriptor="song" id="212403">
  <set-property name="artist"><![CDATA[100015]]></set-property>
  <set-property name="title"><![CDATA[Most Times]]></set-property>
  <set-property name="genre"><![CDATA[pop]]></set-property>
  <set-property name="downloadURL"><![CDATA[media/dummy.mp3]]></set-property>
</add-item>

<add-item item-descriptor="song" id="212402">
  <set-property name="artist"><![CDATA[100015]]></set-property>
  <set-property name="title"><![CDATA[Everything Is Frozen]]></set-property>
  <set-property name="genre"><![CDATA[pop]]></set-property>
  <set-property name="downloadURL"><![CDATA[media/dummy.mp3]]></set-property>
</add-item>

<add-item item-descriptor="song" id="212401">
  <set-property name="artist"><![CDATA[100015]]></set-property>
  <set-property name="title"><![CDATA[Alice's World]]></set-property>
  <set-property name="genre"><![CDATA[pop]]></set-property>
  <set-property name="downloadURL"><![CDATA[media/dummy.mp3]]></set-property>
</add-item>

<add-item item-descriptor="song" id="200044">
  <set-property name="artist"><![CDATA[100003]]></set-property>
  <set-property name="title"><![CDATA[Until I First Saw You]]></set-property>
  <set-property name="genre"><![CDATA[jazz]]></set-property>
  <set-property name="downloadURL"><![CDATA[media/dummy.mp3]]></set-property>
</add-item>

<add-item item-descriptor="song" id="200043">
  <set-property name="artist"><![CDATA[100003]]></set-property>
  <set-property name="title"><![CDATA[Battle Road]]></set-property>
  <set-property name="genre"><![CDATA[jazz]]></set-property>
  <set-property name="downloadURL"><![CDATA[media/dummy.mp3]]></set-property>
</add-item>

<add-item item-descriptor="song" id="200042">
  <set-property name="artist"><![CDATA[100003]]></set-property>
  <set-property name="title"><![CDATA[To You I Sing]]></set-property>
  <set-property name="genre"><![CDATA[jazz]]></set-property>
  <set-property name="downloadURL"><![CDATA[media/dummy.mp3]]></set-property>
</add-item>

<add-item item-descriptor="song" id="200041">
  <set-property name="artist"><![CDATA[100003]]></set-property>
  <set-property name="title"><![CDATA[Take the Last Train]]></set-property>
  <set-property name="genre"><![CDATA[jazz]]></set-property>
  <set-property name="downloadURL"><![CDATA[media/dummy.mp3]]></set-property>
</add-item>

<add-item item-descriptor="song" id="200040">
  <set-property name="artist"><![CDATA[100003]]></set-property>
  <set-property name="title"><![CDATA[What am I Doing Here?]]></set-property>
  <set-property name="genre"><![CDATA[jazz]]></set-property>
  <set-property name="downloadURL"><![CDATA[media/dummy.mp3]]></set-property>
</add-item>

<add-item item-descriptor="song" id="211201">
  <set-property name="artist"><![CDATA[100014]]></set-property>
  <set-property name="title"><![CDATA[Trouble With Always]]></set-property>
  <set-property name="genre"><![CDATA[country]]></set-property>
  <set-property name="downloadURL"><![CDATA[media/dummy.mp3]]></set-property>
</add-item>

<add-item item-descriptor="song" id="211202">
  <set-property name="artist"><![CDATA[100014]]></set-property>
  <set-property name="title"><![CDATA[Places I've Been]]></set-property>
  <set-property name="genre"><![CDATA[country]]></set-property>
  <set-property name="downloadURL"><![CDATA[media/dummy.mp3]]></set-property>
</add-item>

<add-item item-descriptor="song" id="204301">
  <set-property name="artist"><![CDATA[100006]]></set-property>
  <set-property name="title"><![CDATA[Accidents Waiting To Happen]]></set-property>
  <set-property name="genre"><![CDATA[pop]]></set-property>
  <set-property name="downloadURL"><![CDATA[media/dummy.mp3]]></set-property>
</add-item>

<add-item item-descriptor="song" id="200039">
  <set-property name="artist"><![CDATA[100003]]></set-property>
  <set-property name="title"><![CDATA[Little Folk]]></set-property>
  <set-property name="genre"><![CDATA[jazz]]></set-property>
  <set-property name="downloadURL"><![CDATA[media/dummy.mp3]]></set-property>
</add-item>

<add-item item-descriptor="song" id="211203">
  <set-property name="artist"><![CDATA[100014]]></set-property>
  <set-property name="title"><![CDATA[Something Like That Can Happen]]></set-property>
  <set-property name="genre"><![CDATA[country]]></set-property>
  <set-property name="downloadURL"><![CDATA[media/dummy.mp3]]></set-property>
</add-item>

<add-item item-descriptor="song" id="204302">
  <set-property name="artist"><![CDATA[100006]]></set-property>
  <set-property name="title"><![CDATA[London]]></set-property>
  <set-property name="genre"><![CDATA[pop]]></set-property>
  <set-property name="downloadURL"><![CDATA[media/dummy.mp3]]></set-property>
</add-item>

<add-item item-descriptor="song" id="205301">
  <set-property name="artist"><![CDATA[100007]]></set-property>
  <set-property name="title"><![CDATA[Welcome To The New World]]></set-property>
  <set-property name="genre"><![CDATA[country]]></set-property>
  <set-property name="downloadURL"><![CDATA[media/dummy.mp3]]></set-property>
</add-item>

<add-item item-descriptor="song" id="200037">
  <set-property name="artist"><![CDATA[100003]]></set-property>
  <set-property name="title"><![CDATA[Drinks With Friends]]></set-property>
  <set-property name="genre"><![CDATA[jazz]]></set-property>
  <set-property name="downloadURL"><![CDATA[media/dummy.mp3]]></set-property>
</add-item>

<add-item item-descriptor="song" id="200038">
  <set-property name="artist"><![CDATA[100003]]></set-property>
  <set-property name="title"><![CDATA[Swing In]]></set-property>
  <set-property name="genre"><![CDATA[jazz]]></set-property>
  <set-property name="downloadURL"><![CDATA[media/dummy.mp3]]></set-property>
</add-item>

<add-item item-descriptor="song" id="205303">
  <set-property name="artist"><![CDATA[100007]]></set-property>
  <set-property name="title"><![CDATA[You've Been In My Dreams]]></set-property>
  <set-property name="genre"><![CDATA[country]]></set-property>
  <set-property name="downloadURL"><![CDATA[media/dummy.mp3]]></set-property>
</add-item>

<add-item item-descriptor="song" id="200035">
  <set-property name="artist"><![CDATA[100003]]></set-property>
  <set-property name="title"><![CDATA[Corner Pub]]></set-property>
  <set-property name="genre"><![CDATA[jazz]]></set-property>
  <set-property name="downloadURL"><![CDATA[media/dummy.mp3]]></set-property>
</add-item>

<add-item item-descriptor="song" id="205302">
  <set-property name="artist"><![CDATA[100007]]></set-property>
  <set-property name="title"><![CDATA[It Ain't A Mystery]]></set-property>
  <set-property name="genre"><![CDATA[country]]></set-property>
  <set-property name="downloadURL"><![CDATA[media/dummy.mp3]]></set-property>
</add-item>

<add-item item-descriptor="song" id="200036">
  <set-property name="artist"><![CDATA[100003]]></set-property>
  <set-property name="title"><![CDATA[Something Wild]]></set-property>
  <set-property name="genre"><![CDATA[jazz]]></set-property>
  <set-property name="downloadURL"><![CDATA[media/dummy.mp3]]></set-property>
</add-item>

<add-item item-descriptor="song" id="211101">
  <set-property name="artist"><![CDATA[100014]]></set-property>
  <set-property name="title"><![CDATA[Cowboy in My Mind]]></set-property>
  <set-property name="genre"><![CDATA[country]]></set-property>
  <set-property name="downloadURL"><![CDATA[media/dummy.mp3]]></set-property>
</add-item>

<add-item item-descriptor="song" id="211102">
  <set-property name="artist"><![CDATA[100014]]></set-property>
  <set-property name="title"><![CDATA[Toronto]]></set-property>
  <set-property name="genre"><![CDATA[country]]></set-property>
  <set-property name="downloadURL"><![CDATA[media/dummy.mp3]]></set-property>
</add-item>
<add-item item-descriptor="song" id="211122">
  <set-property name="artist"><![CDATA[100014]]></set-property>
  <set-property name="title"><![CDATA[Landing With A Thud In Shreveport]]></set-property>
  <set-property name="genre"><![CDATA[country]]></set-property>
  <set-property name="downloadURL"><![CDATA[media/dummy.mp3]]></set-property>
</add-item>

<add-item item-descriptor="song" id="211103">
  <set-property name="artist"><![CDATA[100014]]></set-property>
  <set-property name="title"><![CDATA[Tumbleweeds]]></set-property>
  <set-property name="genre"><![CDATA[country]]></set-property>
  <set-property name="downloadURL"><![CDATA[media/dummy.mp3]]></set-property>
</add-item>

<add-item item-descriptor="song" id="209203">
  <set-property name="artist"><![CDATA[100012]]></set-property>
  <set-property name="title"><![CDATA[I Feel Like Going North]]></set-property>
  <set-property name="genre"><![CDATA[blues]]></set-property>
  <set-property name="downloadURL"><![CDATA[media/dummy.mp3]]></set-property>
</add-item>

<add-item item-descriptor="song" id="200032">
  <set-property name="artist"><![CDATA[100003]]></set-property>
  <set-property name="title"><![CDATA[Magic Mouse]]></set-property>
  <set-property name="genre"><![CDATA[jazz]]></set-property>
  <set-property name="downloadURL"><![CDATA[media/dummy.mp3]]></set-property>
</add-item>

<add-item item-descriptor="song" id="200031">
  <set-property name="artist"><![CDATA[100003]]></set-property>
  <set-property name="title"><![CDATA[Black Stockings]]></set-property>
  <set-property name="genre"><![CDATA[jazz]]></set-property>
  <set-property name="downloadURL"><![CDATA[media/dummy.mp3]]></set-property>
</add-item>

<add-item item-descriptor="song" id="209201">
  <set-property name="artist"><![CDATA[100012]]></set-property>
  <set-property name="title"><![CDATA[I'm the Wolf]]></set-property>
  <set-property name="genre"><![CDATA[blues]]></set-property>
  <set-property name="downloadURL"><![CDATA[media/dummy.mp3]]></set-property>
</add-item>

<add-item item-descriptor="song" id="205101">
  <set-property name="artist"><![CDATA[100007]]></set-property>
  <set-property name="title"><![CDATA[The Man Comes To Town]]></set-property>
  <set-property name="genre"><![CDATA[country]]></set-property>
  <set-property name="downloadURL"><![CDATA[media/dummy.mp3]]></set-property>
</add-item>

<add-item item-descriptor="song" id="200034">
  <set-property name="artist"><![CDATA[100003]]></set-property>
  <set-property name="title"><![CDATA[Didn't You Know?]]></set-property>
  <set-property name="genre"><![CDATA[jazz]]></set-property>
  <set-property name="downloadURL"><![CDATA[media/dummy.mp3]]></set-property>
</add-item>

<add-item item-descriptor="song" id="209202">
  <set-property name="artist"><![CDATA[100012]]></set-property>
  <set-property name="title"><![CDATA[Mean Old Dog Blues]]></set-property>
  <set-property name="genre"><![CDATA[blues]]></set-property>
  <set-property name="downloadURL"><![CDATA[media/dummy.mp3]]></set-property>
</add-item>

<add-item item-descriptor="song" id="200033">
  <set-property name="artist"><![CDATA[100003]]></set-property>
  <set-property name="title"><![CDATA[Sweetie Pie]]></set-property>
  <set-property name="genre"><![CDATA[jazz]]></set-property>
  <set-property name="downloadURL"><![CDATA[media/dummy.mp3]]></set-property>
</add-item>

<add-item item-descriptor="song" id="205103">
  <set-property name="artist"><![CDATA[100007]]></set-property>
  <set-property name="title"><![CDATA[Streets of San Antonio]]></set-property>
  <set-property name="genre"><![CDATA[country]]></set-property>
  <set-property name="downloadURL"><![CDATA[media/dummy.mp3]]></set-property>
</add-item>

<add-item item-descriptor="song" id="212203">
  <set-property name="artist"><![CDATA[100015]]></set-property>
  <set-property name="title"><![CDATA[Queen Rose]]></set-property>
  <set-property name="genre"><![CDATA[pop]]></set-property>
  <set-property name="downloadURL"><![CDATA[media/dummy.mp3]]></set-property>
</add-item>

<add-item item-descriptor="song" id="205102">
  <set-property name="artist"><![CDATA[100007]]></set-property>
  <set-property name="title"><![CDATA[Hurt you]]></set-property>
  <set-property name="genre"><![CDATA[country]]></set-property>
  <set-property name="downloadURL"><![CDATA[media/dummy.mp3]]></set-property>
</add-item>

<add-item item-descriptor="song" id="212202">
  <set-property name="artist"><![CDATA[100015]]></set-property>
  <set-property name="title"><![CDATA[Broadway Blues]]></set-property>
  <set-property name="genre"><![CDATA[pop]]></set-property>
  <set-property name="downloadURL"><![CDATA[media/dummy.mp3]]></set-property>
</add-item>

<add-item item-descriptor="song" id="212201">
  <set-property name="artist"><![CDATA[100015]]></set-property>
  <set-property name="title"><![CDATA[Love and Death]]></set-property>
  <set-property name="genre"><![CDATA[pop]]></set-property>
  <set-property name="downloadURL"><![CDATA[media/dummy.mp3]]></set-property>
</add-item>

<add-item item-descriptor="song" id="208301">
  <set-property name="artist"><![CDATA[100011]]></set-property>
  <set-property name="title"><![CDATA[Any Man Can See]]></set-property>
  <set-property name="genre"><![CDATA[country]]></set-property>
  <set-property name="downloadURL"><![CDATA[media/dummy.mp3]]></set-property>
</add-item>

<add-item item-descriptor="song" id="208302">
  <set-property name="artist"><![CDATA[100011]]></set-property>
  <set-property name="title"><![CDATA[I Need to Know]]></set-property>
  <set-property name="genre"><![CDATA[country]]></set-property>
  <set-property name="downloadURL"><![CDATA[media/dummy.mp3]]></set-property>
</add-item>

<add-item item-descriptor="song" id="200063">
  <set-property name="artist"><![CDATA[100004]]></set-property>
  <set-property name="title"><![CDATA[Maggie May I]]></set-property>
  <set-property name="genre"><![CDATA[pop]]></set-property>
  <set-property name="downloadURL"><![CDATA[media/dummy.mp3]]></set-property>
</add-item>

<add-item item-descriptor="song" id="200062">
  <set-property name="artist"><![CDATA[100004]]></set-property>
  <set-property name="title"><![CDATA[Coal Miner]]></set-property>
  <set-property name="genre"><![CDATA[pop]]></set-property>
  <set-property name="downloadURL"><![CDATA[media/dummy.mp3]]></set-property>
</add-item>

<add-item item-descriptor="song" id="200061">
  <set-property name="artist"><![CDATA[100004]]></set-property>
  <set-property name="title"><![CDATA[The Long Road]]></set-property>
  <set-property name="genre"><![CDATA[pop]]></set-property>
  <set-property name="downloadURL"><![CDATA[media/dummy.mp3]]></set-property>
</add-item>

<add-item item-descriptor="song" id="200064">
  <set-property name="artist"><![CDATA[100004]]></set-property>
  <set-property name="title"><![CDATA[A Fool in Paradise]]></set-property>
  <set-property name="genre"><![CDATA[pop]]></set-property>
  <set-property name="downloadURL"><![CDATA[media/dummy.mp3]]></set-property>
</add-item>

<add-item item-descriptor="song" id="200059">
  <set-property name="artist"><![CDATA[100004]]></set-property>
  <set-property name="title"><![CDATA[Day In Day Out]]></set-property>
  <set-property name="genre"><![CDATA[pop]]></set-property>
  <set-property name="downloadURL"><![CDATA[media/dummy.mp3]]></set-property>
</add-item>

<add-item item-descriptor="song" id="200057">
  <set-property name="artist"><![CDATA[100004]]></set-property>
  <set-property name="title"><![CDATA[Lucky in the Grass]]></set-property>
  <set-property name="genre"><![CDATA[pop]]></set-property>
  <set-property name="downloadURL"><![CDATA[media/dummy.mp3]]></set-property>
</add-item>

<add-item item-descriptor="song" id="200058">
  <set-property name="artist"><![CDATA[100004]]></set-property>
  <set-property name="title"><![CDATA[Wthout You What Am I]]></set-property>
  <set-property name="genre"><![CDATA[pop]]></set-property>
  <set-property name="downloadURL"><![CDATA[media/dummy.mp3]]></set-property>
</add-item>

<add-item item-descriptor="song" id="213101">
  <set-property name="artist"><![CDATA[100016]]></set-property>
  <set-property name="title"><![CDATA[Please Come Over]]></set-property>
  <set-property name="genre"><![CDATA[pop]]></set-property>
  <set-property name="downloadURL"><![CDATA[media/dummy.mp3]]></set-property>
</add-item>

<add-item item-descriptor="song" id="213102">
  <set-property name="artist"><![CDATA[100016]]></set-property>
  <set-property name="title"><![CDATA[You Make Me Sing]]></set-property>
  <set-property name="genre"><![CDATA[pop]]></set-property>
  <set-property name="downloadURL"><![CDATA[media/dummy.mp3]]></set-property>
</add-item>

<add-item item-descriptor="song" id="200052">
  <set-property name="title"><![CDATA[For the Benefit of a Song]]></set-property>
  <set-property name="artist"><![CDATA[100004]]></set-property>
  <set-property name="genre"><![CDATA[pop]]></set-property>
  <set-property name="downloadURL"><![CDATA[media/dummy.mp3]]></set-property>
</add-item>

<add-item item-descriptor="song" id="213103">
  <set-property name="artist"><![CDATA[100016]]></set-property>
  <set-property name="title"><![CDATA[Break My Heart]]></set-property>
  <set-property name="genre"><![CDATA[pop]]></set-property>
  <set-property name="downloadURL"><![CDATA[media/dummy.mp3]]></set-property>
</add-item>

<add-item item-descriptor="song" id="200051">
  <set-property name="artist"><![CDATA[100004]]></set-property>
  <set-property name="title"><![CDATA[When I'm Young]]></set-property>
  <set-property name="genre"><![CDATA[pop]]></set-property>
  <set-property name="downloadURL"><![CDATA[media/dummy.mp3]]></set-property>
</add-item>

<add-item item-descriptor="song" id="200054">
  <set-property name="artist"><![CDATA[100004]]></set-property>
  <set-property name="title"><![CDATA[Getting Warmer]]></set-property>
  <set-property name="genre"><![CDATA[pop]]></set-property>
  <set-property name="downloadURL"><![CDATA[media/dummy.mp3]]></set-property>
</add-item>

<add-item item-descriptor="song" id="200053">
  <set-property name="artist"><![CDATA[100004]]></set-property>
  <set-property name="title"><![CDATA[Lovely Loretta]]></set-property>
  <set-property name="genre"><![CDATA[pop]]></set-property>
  <set-property name="downloadURL"><![CDATA[media/dummy.mp3]]></set-property>
</add-item>

<add-item item-descriptor="song" id="204304">
  <set-property name="artist"><![CDATA[100006]]></set-property>
  <set-property name="title"><![CDATA[What's So Funny?]]></set-property>
  <set-property name="genre"><![CDATA[pop]]></set-property>
  <set-property name="downloadURL"><![CDATA[media/dummy.mp3]]></set-property>
</add-item>

<add-item item-descriptor="song" id="200056">
  <set-property name="artist"><![CDATA[100004]]></set-property>
  <set-property name="title"><![CDATA[Roadside Attraction]]></set-property>
  <set-property name="genre"><![CDATA[pop]]></set-property>
  <set-property name="downloadURL"><![CDATA[media/dummy.mp3]]></set-property>
</add-item>

<add-item item-descriptor="song" id="204303">
  <set-property name="artist"><![CDATA[100006]]></set-property>
  <set-property name="title"><![CDATA[Blue Blanket]]></set-property>
  <set-property name="genre"><![CDATA[pop]]></set-property>
  <set-property name="downloadURL"><![CDATA[media/dummy.mp3]]></set-property>
</add-item>

<add-item item-descriptor="song" id="200055">
  <set-property name="artist"><![CDATA[100004]]></set-property>
  <set-property name="title"><![CDATA[With a Little Push]]></set-property>
  <set-property name="genre"><![CDATA[pop]]></set-property>
  <set-property name="downloadURL"><![CDATA[media/dummy.mp3]]></set-property>
</add-item>

<add-item item-descriptor="song" id="208204">
  <set-property name="artist"><![CDATA[100011]]></set-property>
  <set-property name="title"><![CDATA[From This Moment Til the Last]]></set-property>
  <set-property name="genre"><![CDATA[country]]></set-property>
  <set-property name="downloadURL"><![CDATA[media/dummy.mp3]]></set-property>
</add-item>

<add-item item-descriptor="song" id="208202">
  <set-property name="artist"><![CDATA[100011]]></set-property>
  <set-property name="title"><![CDATA[You're Still On My Mind]]></set-property>
  <set-property name="genre"><![CDATA[country]]></set-property>
  <set-property name="downloadURL"><![CDATA[media/dummy.mp3]]></set-property>
</add-item>

<add-item item-descriptor="song" id="208203">
  <set-property name="artist"><![CDATA[100011]]></set-property>
  <set-property name="title"><![CDATA[Don't Press Me]]></set-property>
  <set-property name="genre"><![CDATA[country]]></set-property>
  <set-property name="downloadURL"><![CDATA[media/dummy.mp3]]></set-property>
</add-item>

<add-item item-descriptor="song" id="208201">
  <set-property name="artist"><![CDATA[100011]]></set-property>
  <set-property name="title"><![CDATA[I Feel Like a Wonder]]></set-property>
  <set-property name="genre"><![CDATA[country]]></set-property>
  <set-property name="downloadURL"><![CDATA[media/dummy.mp3]]></set-property>
</add-item>

<add-item item-descriptor="song" id="208103">
  <set-property name="artist"><![CDATA[100011]]></set-property>
  <set-property name="title"><![CDATA[Such a Pretty Face]]></set-property>
  <set-property name="genre"><![CDATA[country]]></set-property>
  <set-property name="downloadURL"><![CDATA[media/dummy.mp3]]></set-property>
</add-item>

<add-item item-descriptor="song" id="206204">
  <set-property name="artist"><![CDATA[100009]]></set-property>
  <set-property name="title"><![CDATA[I'm Not Alone]]></set-property>
  <set-property name="genre"><![CDATA[pop]]></set-property>
  <set-property name="downloadURL"><![CDATA[media/dummy.mp3]]></set-property>
</add-item>

<add-item item-descriptor="song" id="208101">
  <set-property name="artist"><![CDATA[100011]]></set-property>
  <set-property name="title"><![CDATA[The Top]]></set-property>
  <set-property name="genre"><![CDATA[country]]></set-property>
  <set-property name="downloadURL"><![CDATA[media/dummy.mp3]]></set-property>
</add-item>

<add-item item-descriptor="song" id="206202">
  <set-property name="artist"><![CDATA[100009]]></set-property>
  <set-property name="title"><![CDATA[With Muriel]]></set-property>
  <set-property name="genre"><![CDATA[pop]]></set-property>
  <set-property name="downloadURL"><![CDATA[media/dummy.mp3]]></set-property>
</add-item>

<add-item item-descriptor="song" id="208102">
  <set-property name="artist"><![CDATA[100011]]></set-property>
  <set-property name="title"><![CDATA[Gonna See You Soon]]></set-property>
  <set-property name="genre"><![CDATA[country]]></set-property>
  <set-property name="downloadURL"><![CDATA[media/dummy.mp3]]></set-property>
</add-item>

<add-item item-descriptor="song" id="206203">
  <set-property name="artist"><![CDATA[100009]]></set-property>
  <set-property name="title"><![CDATA[Chuck]]></set-property>
  <set-property name="genre"><![CDATA[pop]]></set-property>
  <set-property name="downloadURL"><![CDATA[media/dummy.mp3]]></set-property>
</add-item>

<add-item item-descriptor="song" id="206201">
  <set-property name="artist"><![CDATA[100009]]></set-property>
  <set-property name="title"><![CDATA[I'm Honest]]></set-property>
  <set-property name="genre"><![CDATA[pop]]></set-property>
  <set-property name="downloadURL"><![CDATA[media/dummy.mp3]]></set-property>
</add-item>

<add-item item-descriptor="song" id="200001">
  <set-property name="artist"><![CDATA[100002]]></set-property>
  <set-property name="title"><![CDATA[Worry No More]]></set-property>
  <set-property name="genre"><![CDATA[blues]]></set-property>
  <set-property name="downloadURL"><![CDATA[media/dummy.mp3]]></set-property>
</add-item>

<add-item item-descriptor="song" id="205201">
  <set-property name="artist"><![CDATA[100007]]></set-property>
  <set-property name="title"><![CDATA[Prison Blues]]></set-property>
  <set-property name="genre"><![CDATA[country]]></set-property>
  <set-property name="downloadURL"><![CDATA[media/dummy.mp3]]></set-property>
</add-item>

<add-item item-descriptor="song" id="204204">
  <set-property name="artist"><![CDATA[100006]]></set-property>
  <set-property name="title"><![CDATA[Kidding Around]]></set-property>
  <set-property name="genre"><![CDATA[pop]]></set-property>
  <set-property name="downloadURL"><![CDATA[media/dummy.mp3]]></set-property>
</add-item>

<add-item item-descriptor="song" id="205202">
  <set-property name="artist"><![CDATA[100007]]></set-property>
  <set-property name="title"><![CDATA[The Tall Trees]]></set-property>
  <set-property name="genre"><![CDATA[country]]></set-property>
  <set-property name="downloadURL"><![CDATA[media/dummy.mp3]]></set-property>
</add-item>

<add-item item-descriptor="song" id="205203">
  <set-property name="artist"><![CDATA[100007]]></set-property>
  <set-property name="title"><![CDATA[Fields of Home]]></set-property>
  <set-property name="genre"><![CDATA[country]]></set-property>
  <set-property name="downloadURL"><![CDATA[media/dummy.mp3]]></set-property>
</add-item>

<add-item item-descriptor="song" id="213302">
  <set-property name="artist"><![CDATA[100016]]></set-property>
  <set-property name="title"><![CDATA[Miami Nights]]></set-property>
  <set-property name="genre"><![CDATA[pop]]></set-property>
  <set-property name="downloadURL"><![CDATA[media/dummy.mp3]]></set-property>
</add-item>

<add-item item-descriptor="song" id="213301">
  <set-property name="artist"><![CDATA[100016]]></set-property>
  <set-property name="title"><![CDATA[He Wasn't Good Enough]]></set-property>
  <set-property name="genre"><![CDATA[pop]]></set-property>
  <set-property name="downloadURL"><![CDATA[media/dummy.mp3]]></set-property>
</add-item>

<add-item item-descriptor="song" id="213303">
  <set-property name="artist"><![CDATA[100016]]></set-property>
  <set-property name="title"><![CDATA[Blue Piano]]></set-property>
  <set-property name="genre"><![CDATA[pop]]></set-property>
  <set-property name="downloadURL"><![CDATA[media/dummy.mp3]]></set-property>
</add-item>

<add-item item-descriptor="song" id="209301">
  <set-property name="artist"><![CDATA[100012]]></set-property>
  <set-property name="title"><![CDATA[Bring On The Night]]></set-property>
  <set-property name="genre"><![CDATA[blues]]></set-property>
  <set-property name="downloadURL"><![CDATA[media/dummy.mp3]]></set-property>
</add-item>

<add-item item-descriptor="song" id="209303">
  <set-property name="artist"><![CDATA[100012]]></set-property>
  <set-property name="title"><![CDATA[22 Years]]></set-property>
  <set-property name="genre"><![CDATA[blues]]></set-property>
  <set-property name="downloadURL"><![CDATA[media/dummy.mp3]]></set-property>
</add-item>

<add-item item-descriptor="song" id="209302">
  <set-property name="artist"><![CDATA[100012]]></set-property>
  <set-property name="title"><![CDATA[Copper Top]]></set-property>
  <set-property name="genre"><![CDATA[blues]]></set-property>
  <set-property name="downloadURL"><![CDATA[media/dummy.mp3]]></set-property>
</add-item>

<add-item item-descriptor="song" id="206305">
  <set-property name="artist"><![CDATA[100009]]></set-property>
  <set-property name="title"><![CDATA[Goodbye Tourists]]></set-property>
  <set-property name="genre"><![CDATA[pop]]></set-property>
  <set-property name="downloadURL"><![CDATA[media/dummy.mp3]]></set-property>
</add-item>

<add-item item-descriptor="song" id="210102">
  <set-property name="artist"><![CDATA[100013]]></set-property>
  <set-property name="title"><![CDATA[Voga]]></set-property>
  <set-property name="genre"><![CDATA[pop]]></set-property>
  <set-property name="downloadURL"><![CDATA[media/dummy.mp3]]></set-property>
</add-item>

<add-item item-descriptor="song" id="210103">
  <set-property name="artist"><![CDATA[100013]]></set-property>
  <set-property name="title"><![CDATA[Debutante]]></set-property>
  <set-property name="genre"><![CDATA[pop]]></set-property>
  <set-property name="downloadURL"><![CDATA[media/dummy.mp3]]></set-property>
</add-item>

<add-item item-descriptor="song" id="210101">
  <set-property name="artist"><![CDATA[100013]]></set-property>
  <set-property name="title"><![CDATA[Predator]]></set-property>
  <set-property name="genre"><![CDATA[pop]]></set-property>
  <set-property name="downloadURL"><![CDATA[media/dummy.mp3]]></set-property>
</add-item>

<add-item item-descriptor="song" id="210104">
  <set-property name="artist"><![CDATA[100013]]></set-property>
  <set-property name="title"><![CDATA[Full of Hope]]></set-property>
  <set-property name="genre"><![CDATA[pop]]></set-property>
  <set-property name="downloadURL"><![CDATA[media/dummy.mp3]]></set-property>
</add-item>

<add-item item-descriptor="song" id="212104">
  <set-property name="artist"><![CDATA[100015]]></set-property>
  <set-property name="title"><![CDATA[I Want You to Know]]></set-property>
  <set-property name="genre"><![CDATA[pop]]></set-property>
  <set-property name="downloadURL"><![CDATA[media/dummy.mp3]]></set-property>
</add-item>

<add-item item-descriptor="song" id="212103">
  <set-property name="artist"><![CDATA[100015]]></set-property>
  <set-property name="title"><![CDATA[Visions of Annie]]></set-property>
  <set-property name="genre"><![CDATA[pop]]></set-property>
  <set-property name="downloadURL"><![CDATA[media/dummy.mp3]]></set-property>
</add-item>

<add-item item-descriptor="song" id="212102">
  <set-property name="artist"><![CDATA[100015]]></set-property>
  <set-property name="title"><![CDATA[Temporary Misdemeanor]]></set-property>
  <set-property name="genre"><![CDATA[pop]]></set-property>
  <set-property name="downloadURL"><![CDATA[media/dummy.mp3]]></set-property>
</add-item>

<add-item item-descriptor="song" id="212301">
  <set-property name="artist"><![CDATA[100015]]></set-property>
  <set-property name="title"><![CDATA[Bullets Over The City]]></set-property>
  <set-property name="genre"><![CDATA[pop]]></set-property>
  <set-property name="downloadURL"><![CDATA[media/dummy.mp3]]></set-property>
</add-item>

<add-item item-descriptor="song" id="212302">
  <set-property name="artist"><![CDATA[100015]]></set-property>
  <set-property name="title"><![CDATA[Hannah]]></set-property>
  <set-property name="genre"><![CDATA[pop]]></set-property>
  <set-property name="downloadURL"><![CDATA[media/dummy.mp3]]></set-property>
</add-item>

<add-item item-descriptor="song" id="212303">
  <set-property name="artist"><![CDATA[100015]]></set-property>
  <set-property name="title"><![CDATA[Take the Money]]></set-property>
  <set-property name="genre"><![CDATA[pop]]></set-property>
  <set-property name="downloadURL"><![CDATA[media/dummy.mp3]]></set-property>
</add-item>

<add-item item-descriptor="song" id="200022">
  <set-property name="artist"><![CDATA[100002]]></set-property>
  <set-property name="title"><![CDATA[Blues For Blue]]></set-property>
  <set-property name="genre"><![CDATA[blues]]></set-property>
  <set-property name="downloadURL"><![CDATA[media/dummy.mp3]]></set-property>
</add-item>

<add-item item-descriptor="song" id="200023">
  <set-property name="artist"><![CDATA[100002]]></set-property>
  <set-property name="title"><![CDATA[I'll Carry On]]></set-property>
  <set-property name="genre"><![CDATA[blues]]></set-property>
  <set-property name="downloadURL"><![CDATA[media/dummy.mp3]]></set-property>
</add-item>

<add-item item-descriptor="song" id="200021">
  <set-property name="artist"><![CDATA[100002]]></set-property>
  <set-property name="title"><![CDATA[Tough Heart]]></set-property>
  <set-property name="genre"><![CDATA[blues]]></set-property>
  <set-property name="downloadURL"><![CDATA[media/dummy.mp3]]></set-property>
</add-item>

<add-item item-descriptor="song" id="212101">
  <set-property name="artist"><![CDATA[100015]]></set-property>
  <set-property name="title"><![CDATA[Sleeper Hat]]></set-property>
  <set-property name="genre"><![CDATA[pop]]></set-property>
  <set-property name="downloadURL"><![CDATA[media/dummy.mp3]]></set-property>
</add-item>

<add-item item-descriptor="song" id="213201">
  <set-property name="artist"><![CDATA[100016]]></set-property>
  <set-property name="title"><![CDATA[Another Sad Song]]></set-property>
  <set-property name="genre"><![CDATA[pop]]></set-property>
  <set-property name="downloadURL"><![CDATA[media/dummy.mp3]]></set-property>
</add-item>

<add-item item-descriptor="song" id="210301">
  <set-property name="artist"><![CDATA[100013]]></set-property>
  <set-property name="title"><![CDATA[Hidden Places]]></set-property>
  <set-property name="genre"><![CDATA[pop]]></set-property>
  <set-property name="downloadURL"><![CDATA[media/dummy.mp3]]></set-property>
</add-item>

<add-item item-descriptor="song" id="210302">
  <set-property name="artist"><![CDATA[100013]]></set-property>
  <set-property name="title"><![CDATA[Moth]]></set-property>
  <set-property name="genre"><![CDATA[pop]]></set-property>
  <set-property name="downloadURL"><![CDATA[media/dummy.mp3]]></set-property>
</add-item>

<add-item item-descriptor="song" id="209103">
  <set-property name="artist"><![CDATA[100012]]></set-property>
  <set-property name="title"><![CDATA[Baby Has the Blues]]></set-property>
  <set-property name="genre"><![CDATA[blues]]></set-property>
  <set-property name="downloadURL"><![CDATA[media/dummy.mp3]]></set-property>
</add-item>

<add-item item-descriptor="song" id="210303">
  <set-property name="artist"><![CDATA[100013]]></set-property>
  <set-property name="title"><![CDATA[It's Up to You]]></set-property>
  <set-property name="genre"><![CDATA[pop]]></set-property>
  <set-property name="downloadURL"><![CDATA[media/dummy.mp3]]></set-property>
</add-item>

<add-item item-descriptor="song" id="209102">
  <set-property name="artist"><![CDATA[100012]]></set-property>
  <set-property name="title"><![CDATA[Sad Cat]]></set-property>
  <set-property name="genre"><![CDATA[blues]]></set-property>
  <set-property name="downloadURL"><![CDATA[media/dummy.mp3]]></set-property>
</add-item>

<add-item item-descriptor="song" id="210203">
  <set-property name="artist"><![CDATA[100013]]></set-property>
  <set-property name="title"><![CDATA[So Quiet]]></set-property>
  <set-property name="genre"><![CDATA[pop]]></set-property>
  <set-property name="downloadURL"><![CDATA[media/dummy.mp3]]></set-property>
</add-item>

<add-item item-descriptor="song" id="200073">
  <set-property name="artist"><![CDATA[100004]]></set-property>
  <set-property name="title"><![CDATA[Getting Together]]></set-property>
  <set-property name="genre"><![CDATA[pop]]></set-property>
  <set-property name="downloadURL"><![CDATA[media/dummy.mp3]]></set-property>
</add-item>

<add-item item-descriptor="song" id="210204">
  <set-property name="artist"><![CDATA[100013]]></set-property>
  <set-property name="title"><![CDATA[Isabelle]]></set-property>
  <set-property name="genre"><![CDATA[pop]]></set-property>
  <set-property name="downloadURL"><![CDATA[media/dummy.mp3]]></set-property>
</add-item>

<add-item item-descriptor="song" id="210205">
  <set-property name="artist"><![CDATA[100013]]></set-property>
  <set-property name="title"><![CDATA[Possibly]]></set-property>
  <set-property name="genre"><![CDATA[pop]]></set-property>
  <set-property name="downloadURL"><![CDATA[media/dummy.mp3]]></set-property>
</add-item>

<add-item item-descriptor="song" id="209101">
  <set-property name="artist"><![CDATA[100012]]></set-property>
  <set-property name="title"><![CDATA[Paris Boy]]></set-property>
  <set-property name="genre"><![CDATA[blues]]></set-property>
  <set-property name="downloadURL"><![CDATA[media/dummy.mp3]]></set-property>
</add-item>

<add-item item-descriptor="song" id="200071">
  <set-property name="artist"><![CDATA[100004]]></set-property>
  <set-property name="title"><![CDATA[Rooftop Garden]]></set-property>
  <set-property name="genre"><![CDATA[pop]]></set-property>
  <set-property name="downloadURL"><![CDATA[media/dummy.mp3]]></set-property>
</add-item>

<add-item item-descriptor="song" id="200014">
  <set-property name="artist"><![CDATA[100002]]></set-property>
  <set-property name="title"><![CDATA[Thrilled To See]]></set-property>
  <set-property name="genre"><![CDATA[blues]]></set-property>
  <set-property name="downloadURL"><![CDATA[/media/dummy.mp3]]></set-property>
</add-item>

<add-item item-descriptor="song" id="200072">
  <set-property name="artist"><![CDATA[100004]]></set-property>
  <set-property name="title"><![CDATA[Something to Say]]></set-property>
  <set-property name="genre"><![CDATA[pop]]></set-property>
  <set-property name="downloadURL"><![CDATA[media/dummy.mp3]]></set-property>
</add-item>

<add-item item-descriptor="song" id="200013">
  <set-property name="artist"><![CDATA[100002]]></set-property>
  <set-property name="title"><![CDATA[Rock With Me]]></set-property>
  <set-property name="genre"><![CDATA[blues]]></set-property>
  <set-property name="downloadURL"><![CDATA[/media/dummy.mp3]]></set-property>
</add-item>

<add-item item-descriptor="song" id="210201">
  <set-property name="artist"><![CDATA[100013]]></set-property>
  <set-property name="title"><![CDATA[Army Ant]]></set-property>
  <set-property name="genre"><![CDATA[pop]]></set-property>
  <set-property name="downloadURL"><![CDATA[media/dummy.mp3]]></set-property>
</add-item>

<add-item item-descriptor="song" id="210202">
  <set-property name="artist"><![CDATA[100013]]></set-property>
  <set-property name="title"><![CDATA[Hill]]></set-property>
  <set-property name="genre"><![CDATA[pop]]></set-property>
  <set-property name="downloadURL"><![CDATA[media/dummy.mp3]]></set-property>
</add-item>

<add-item item-descriptor="song" id="206303">
  <set-property name="artist"><![CDATA[100009]]></set-property>
  <set-property name="title"><![CDATA[High-Rises]]></set-property>
  <set-property name="genre"><![CDATA[pop]]></set-property>
  <set-property name="downloadURL"><![CDATA[media/dummy.mp3]]></set-property>
</add-item>

<add-item item-descriptor="song" id="206304">
  <set-property name="artist"><![CDATA[100009]]></set-property>
  <set-property name="title"><![CDATA[I'm Beautiful]]></set-property>
  <set-property name="genre"><![CDATA[pop]]></set-property>
  <set-property name="downloadURL"><![CDATA[media/dummy.mp3]]></set-property>
</add-item>

<add-item item-descriptor="song" id="204103">
  <set-property name="artist"><![CDATA[100006]]></set-property>
  <set-property name="title"><![CDATA[Watching the Waves]]></set-property>
  <set-property name="genre"><![CDATA[pop]]></set-property>
  <set-property name="downloadURL"><![CDATA[media/dummy.mp3]]></set-property>
</add-item>

<add-item item-descriptor="song" id="206301">
  <set-property name="artist"><![CDATA[100009]]></set-property>
  <set-property name="title"><![CDATA[Leaving Town]]></set-property>
  <set-property name="genre"><![CDATA[pop]]></set-property>
  <set-property name="downloadURL"><![CDATA[media/dummy.mp3]]></set-property>
</add-item>

<add-item item-descriptor="song" id="204102">
  <set-property name="artist"><![CDATA[100006]]></set-property>
  <set-property name="title"><![CDATA[The Angels Wore Red]]></set-property>
  <set-property name="genre"><![CDATA[pop]]></set-property>
  <set-property name="downloadURL"><![CDATA[media/dummy.mp3]]></set-property>
</add-item>

<add-item item-descriptor="song" id="200011">
  <set-property name="artist"><![CDATA[100002]]></set-property>
  <set-property name="title"><![CDATA[If You Know Me]]></set-property>
  <set-property name="genre"><![CDATA[blues]]></set-property>
  <set-property name="downloadURL"><![CDATA[/media/dummy.mp3]]></set-property>
</add-item>

<add-item item-descriptor="song" id="206302">
  <set-property name="artist"><![CDATA[100009]]></set-property>
  <set-property name="title"><![CDATA[Japan]]></set-property>
  <set-property name="genre"><![CDATA[pop]]></set-property>
  <set-property name="downloadURL"><![CDATA[media/dummy.mp3]]></set-property>
</add-item>

<add-item item-descriptor="song" id="204101">
  <set-property name="artist"><![CDATA[100006]]></set-property>
  <set-property name="title"><![CDATA[Tess]]></set-property>
  <set-property name="genre"><![CDATA[pop]]></set-property>
  <set-property name="downloadURL"><![CDATA[media/dummy.mp3]]></set-property>
</add-item>

<add-item item-descriptor="song" id="200012">
  <set-property name="artist"><![CDATA[100002]]></set-property>
  <set-property name="title"><![CDATA[Please Send Me Something]]></set-property>
  <set-property name="genre"><![CDATA[blues]]></set-property>
  <set-property name="downloadURL"><![CDATA[/media/dummy.mp3]]></set-property>
</add-item>

<add-item item-descriptor="song" id="204203">
  <set-property name="artist"><![CDATA[100006]]></set-property>
  <set-property name="title"><![CDATA[Out of Time]]></set-property>
  <set-property name="genre"><![CDATA[pop]]></set-property>
  <set-property name="downloadURL"><![CDATA[media/dummy.mp3]]></set-property>
</add-item>

<add-item item-descriptor="song" id="204202">
  <set-property name="artist"><![CDATA[100006]]></set-property>
  <set-property name="title"><![CDATA[Bobby Doll]]></set-property>
  <set-property name="genre"><![CDATA[pop]]></set-property>
  <set-property name="downloadURL"><![CDATA[media/dummy.mp3]]></set-property>
</add-item>

<add-item item-descriptor="song" id="206102">
  <set-property name="title"><![CDATA[Store Window]]></set-property>
  <set-property name="artist"><![CDATA[100009]]></set-property>
  <set-property name="genre"><![CDATA[pop]]></set-property>
  <set-property name="downloadURL"><![CDATA[media/dummy.mp3]]></set-property>
</add-item>

<add-item item-descriptor="song" id="204201">
  <set-property name="artist"><![CDATA[100006]]></set-property>
  <set-property name="title"><![CDATA[Beyond Relief]]></set-property>
  <set-property name="genre"><![CDATA[pop]]></set-property>
  <set-property name="downloadURL"><![CDATA[media/dummy.mp3]]></set-property>
</add-item>

<add-item item-descriptor="song" id="206101">
  <set-property name="artist"><![CDATA[100009]]></set-property>
  <set-property name="title"><![CDATA[Far From Home]]></set-property>
  <set-property name="genre"><![CDATA[pop]]></set-property>
  <set-property name="downloadURL"><![CDATA[media/dummy.mp3]]></set-property>
</add-item>

<add-item item-descriptor="song" id="207101">
  <set-property name="artist"><![CDATA[100010]]></set-property>
  <set-property name="title"><![CDATA[Concerto No. 1, Op. 3]]></set-property>
  <set-property name="genre"><![CDATA[classical]]></set-property>
  <set-property name="downloadURL"><![CDATA[media/dummy.mp3]]></set-property>
</add-item>

<add-item item-descriptor="song" id="206104">
  <set-property name="title"><![CDATA[You're Horrible]]></set-property>
  <set-property name="artist"><![CDATA[100009]]></set-property>
  <set-property name="genre"><![CDATA[pop]]></set-property>
  <set-property name="downloadURL"><![CDATA[media/dummy.mp3]]></set-property>
</add-item>

<add-item item-descriptor="song" id="206103">
  <set-property name="artist"><![CDATA[100009]]></set-property>
  <set-property name="title"><![CDATA[Swimsong]]></set-property>
  <set-property name="genre"><![CDATA[pop]]></set-property>
  <set-property name="downloadURL"><![CDATA[media/dummy.mp3]]></set-property>
</add-item>

<add-item item-descriptor="song" id="213202">
  <set-property name="artist"><![CDATA[100016]]></set-property>
  <set-property name="title"><![CDATA[Breath of Love]]></set-property>
  <set-property name="genre"><![CDATA[pop]]></set-property>
  <set-property name="downloadURL"><![CDATA[media/dummy.mp3]]></set-property>
</add-item>

<add-item item-descriptor="song" id="207103">
  <set-property name="artist"><![CDATA[100010]]></set-property>
  <set-property name="title"><![CDATA[Concerto No. 1, Op. 1]]></set-property>
  <set-property name="genre"><![CDATA[classical]]></set-property>
  <set-property name="downloadURL"><![CDATA[media/dummy.mp3]]></set-property>
</add-item>

<add-item item-descriptor="song" id="213203">
  <set-property name="artist"><![CDATA[100016]]></set-property>
  <set-property name="title"><![CDATA[Candlelight Song]]></set-property>
  <set-property name="genre"><![CDATA[pop]]></set-property>
  <set-property name="downloadURL"><![CDATA[media/dummy.mp3]]></set-property>
</add-item>

<add-item item-descriptor="song" id="207102">
  <set-property name="artist"><![CDATA[100010]]></set-property>
  <set-property name="title"><![CDATA[Concerto No. 1, Op. 2]]></set-property>
  <set-property name="genre"><![CDATA[classical]]></set-property>
  <set-property name="downloadURL"><![CDATA[media/dummy.mp3]]></set-property>
</add-item>

<add-item item-descriptor="song" id="200081">
  <set-property name="artist"><![CDATA[100005]]></set-property>
  <set-property name="title"><![CDATA[Piano Sonata No. 15 In D Major, Op. 28]]></set-property>
  <set-property name="genre"><![CDATA[classical]]></set-property>
  <set-property name="downloadURL"><![CDATA[media/dummy.mp3]]></set-property>
</add-item>

<add-item item-descriptor="song" id="200082">
  <set-property name="artist"><![CDATA[100005]]></set-property>
  <set-property name="title"><![CDATA[Piano Sonata No. 14 In C Sharp Minor, Op. 27 No. 2]]></set-property>
  <set-property name="genre"><![CDATA[classical]]></set-property>
  <set-property name="downloadURL"><![CDATA[media/dummy.mp3]]></set-property>
</add-item>

<add-item item-descriptor="song" id="200003">
  <set-property name="artist"><![CDATA[100002]]></set-property>
  <set-property name="title"><![CDATA[How Blue Are You?]]></set-property>
  <set-property name="genre"><![CDATA[blues]]></set-property>
  <set-property name="downloadURL"><![CDATA[media/dummy.mp3]]></set-property>
</add-item>

<add-item item-descriptor="song" id="200083">
  <set-property name="artist"><![CDATA[100005]]></set-property>
  <set-property name="title"><![CDATA[Piano Sonata No. 8 In C Minor, Op. 13]]></set-property>
  <set-property name="genre"><![CDATA[classical]]></set-property>
  <set-property name="downloadURL"><![CDATA[media/dummy.mp3]]></set-property>
</add-item>

<add-item item-descriptor="song" id="200002">
  <set-property name="artist"><![CDATA[100002]]></set-property>
  <set-property name="title"><![CDATA[The Thrill of It All]]></set-property>
  <set-property name="genre"><![CDATA[blues]]></set-property>
  <set-property name="downloadURL"><![CDATA[media/dummy.mp3]]></set-property>
</add-item>

<add-item item-descriptor="song" id="207201">
  <set-property name="title"><![CDATA[Piano Trio in D minor, Op. 11]]></set-property>
  <set-property name="artist"><![CDATA[100010]]></set-property>
  <set-property name="genre"><![CDATA[classical]]></set-property>
  <set-property name="downloadURL"><![CDATA[media/dummy.mp3]]></set-property>
</add-item>

<add-item item-descriptor="song" id="207202">
  <set-property name="artist"><![CDATA[100010]]></set-property>
  <set-property name="title"><![CDATA[Piano Trio in D minor, Op. 10]]></set-property>
  <set-property name="genre"><![CDATA[classical]]></set-property>
  <set-property name="downloadURL"><![CDATA[media/dummy.mp3]]></set-property>
</add-item>

<add-item item-descriptor="song" id="207203">
  <set-property name="artist"><![CDATA[100010]]></set-property>
  <set-property name="title"><![CDATA[Piano Trio in D minor, Op. 9]]></set-property>
  <set-property name="genre"><![CDATA[classical]]></set-property>
  <set-property name="downloadURL"><![CDATA[media/dummy.mp3]]></set-property>
</add-item>

<!-- 14 items of type artist -->

<add-item item-descriptor="artist" id="100002">
  <set-property name="description"><![CDATA[While his fluid, bluesy sax style is legendary, Dexter's honey-tones vocal stylings cemented his reputation as a world-class artist ...]]></set-property>
  <set-property name="photoURL"><![CDATA[images/DexterBluetone.jpg]]></set-property>
  <set-property name="name"><![CDATA[Dexter Bluetone]]></set-property>
</add-item>

<add-item item-descriptor="artist" id="100003">
  <set-property name="description"><![CDATA[Never before had the jazz world seen a piano playing child prodigy like Buddy Johnson, and over the course of...]]></set-property>
  <set-property name="photoURL"><![CDATA[images/BuddyJohnson.jpg]]></set-property>
  <set-property name="name"><![CDATA[Buddy Longfellow Johnson]]></set-property>
</add-item>

<add-item item-descriptor="artist" id="100004">
  <set-property name="description"><![CDATA[In 1965, the Brighton Bramblers appeared on American TV and a legend was born ...]]></set-property>
  <set-property name="photoURL"><![CDATA[images/TheBrightonBramblers.jpg]]></set-property>
  <set-property name="name"><![CDATA[The Brighton Bramblers]]></set-property>
</add-item>

<add-item item-descriptor="artist" id="100005">
  <set-property name="description"><![CDATA[At once a groundbreaking provocateur and a crowd-pleasing populist, today van Bee is one of the most well respected composers of the Classical era, best known for his symphonies...]]></set-property>
  <set-property name="photoURL"><![CDATA[images/LudwigVanBee.jpg]]></set-property>
  <set-property name="name"><![CDATA[Ludwig van Bee]]></set-property>
</add-item>

<add-item item-descriptor="artist" id="100006">
  <set-property name="description"><![CDATA[Often cited as the most gifted and prolific songwriter of his generation, Elwin Redshoes emerged on the scene with his well-regarded debut album in 1977 ...]]></set-property>
  <set-property name="photoURL"><![CDATA[images/ElwinRedshoes.jpg]]></set-property>
  <set-property name="name"><![CDATA[Elwin Redshoes]]></set-property>
</add-item>

<add-item item-descriptor="artist" id="100007">
  <set-property name="description"><![CDATA[One of the towering figures of country music, Charlie Grassfield's understated delivery and songwriting genius has assured him a place in ...]]></set-property>
  <set-property name="photoURL"><![CDATA[images/CharlieGrassfield.jpg]]></set-property>
  <set-property name="name"><![CDATA[Charlie Grassfield]]></set-property>
</add-item>

<add-item item-descriptor="artist" id="100009">
  <set-property name="description"><![CDATA[Building his reputation for years in the Sydney underground music scene, this pub rocker emerged on the international music scene with the release of his third album ...]]></set-property>
  <set-property name="photoURL"><![CDATA[images/ThePorpoiseSpit.jpg]]></set-property>
  <set-property name="name"><![CDATA[The Porpoise Spit]]></set-property>
</add-item>

<add-item item-descriptor="artist" id="100010">
  <set-property name="description"><![CDATA[Vladimir began to study piano at a very young age, and started composing while in his teens.  As a student, his reputation as a ...]]></set-property>
  <set-property name="photoURL"><![CDATA[images/VladimirVladimir.jpg]]></set-property>
  <set-property name="name"><![CDATA[Vladimir Vladimir]]></set-property>
</add-item>

<add-item item-descriptor="artist" id="100011">
  <set-property name="description"><![CDATA[While never hitting the commercial heights of many of her contemporaries, Autumn Winters' unique blend of country sass and tender strength ...]]></set-property>
  <set-property name="photoURL"><![CDATA[images/AutumnWinters.jpg]]></set-property>
  <set-property name="name"><![CDATA[Autumn Winters]]></set-property>
</add-item>

<add-item item-descriptor="artist" id="100012">
  <set-property name="description"><![CDATA[Teddy 'Dynamo' Wilson, king of Boston Blues, was a legend in his time, and his influence is still heard in the music of ...]]></set-property>
  <set-property name="photoURL"><![CDATA[images/TeddyDynamoWilson.jpg]]></set-property>
  <set-property name="name"><![CDATA[Teddy Dynamo Wilson]]></set-property>
</add-item>

<add-item item-descriptor="artist" id="100013">
  <set-property name="description"><![CDATA[The one-time frontwoman of the now-defunct Norse band Ice Blanket has charted even greater commercial and artistic success as a solo artist ...]]></set-property>
  <set-property name="photoURL"><![CDATA[images/FridaJetsen.jpg]]></set-property>
  <set-property name="name"><![CDATA[Frida Jetsen]]></set-property>
</add-item>

<add-item item-descriptor="artist" id="100014">
  <set-property name="description"><![CDATA[The almost impossibly handsome and charismatic Travis B. is more than an attractive pop country icon; his musical chops are beyond question ...]]></set-property>
  <set-property name="photoURL"><![CDATA[images/TravisB.jpg]]></set-property>
  <set-property name="name"><![CDATA[Travis B.]]></set-property>
</add-item>

<add-item item-descriptor="artist" id="100015">
  <set-property name="description"><![CDATA[Woody Singer emerged out of the 60's New York folk and counterculture scene to become one of the most influential artists of the rock era ...]]></set-property>
  <set-property name="photoURL"><![CDATA[images/WoodySinger.jpg]]></set-property>
  <set-property name="name"><![CDATA[Woody Singer]]></set-property>
</add-item>

<add-item item-descriptor="artist" id="100016">
  <set-property name="description"><![CDATA[Revealing a maturity way beyond her years, Kiki Shoppington's debut was an immediate hit, earning her countless industry awards and a legion of devoted fans ...]]></set-property>
  <set-property name="photoURL"><![CDATA[images/KikiShoppington.jpg]]></set-property>
  <set-property name="name"><![CDATA[Kiki Shoppington]]></set-property>
</add-item>

</import-items>

</gsa-template>
