<?xml version="1.0" encoding="ISO-8859-1" ?>
<!DOCTYPE gsa-template PUBLIC "-//Art Technology Group, Inc.//DTD General SQL Adapter//EN" "http://www.atg.com/dtds/gsa/gsa_1.0.dtd">
<!--This file was generated by the ATG Repository Editor plugin-->
<gsa-template>
    <header>
        <name>EmpRepository</name>
        <author/>
    </header>
    <item-descriptor name="emp" default="true">
        <table name="atgemp" type="primary" id-column-names="empno"/>
    </item-descriptor>
</gsa-template>
<!--ECLIPSE REPOSITORY EDITOR STATE INFO: Do Not Edit This Line |I:emp:215:53:0:1,-->