<!-- This file provides a starting point for extending the 
     profile repository.

     The comments below coincide with the instructions in the
     lab.
 -->
     
<gsa-template>

 <item-descriptor name="user" >
   <!--  add properties from the "dynamusic_user" table here  -->
<table name="dynamusic_user" type="auxiliary" id-column-name="user_id">
<property name="info" category="Dynamusic" data-type="string" column-name="info"/>
<property name="shareProfile" category="Dynamusic" data-type="boolean" column-name="share_profile"/>
</table>
    
    <!--  add properties from the "dynamusic_prefgenres" table here  -->
<table name="dynamusic_prefgenres" type="multi" id-column-name="id">
<property name="prefGenres" category="Dynamusic" data-type="set" component-data-type="string" column-name="genre"/>
</table>

    <!--  add properties from the "dynamusic_viewedartists" table here  -->
<table name="dynamusic_viewedartists" type="multi" id-column-name="user_id">
<property name="viewedArtists" category="Dynamusic" data-type="set" component-item-type="artist" repository="/dynamusic/SongsRepository" column-name="artist_id"/>
</table>

 </item-descriptor>

</gsa-template>